"Live Graph Properties",
"Device","Status","Serial Number",
"1","Enabled","354044",
"2","Disabled","",
"3","Disabled","",
"4","Disabled","",
"5","Disabled","",
"6","Disabled","",
"7","Disabled","",
"8","Disabled","",
"9","Disabled","",
"10","Disabled","",
"11","Disabled","",
"12","Disabled","",
"13","Disabled","",
"14","Disabled","",
"15","Disabled","",
"16","Disabled","",
"Sum","Disabled","",
"Math","Disabled","",

"Device 1",
"Live Graph Table",
"Sample Number","Tracking Value","Date","Time",
"0","18.58004","8/28/2026 2:33:01 PM","8/28/2026 2:33:01 PM",
"1","18.57933","8/28/2026 2:33:01 PM","8/28/2026 2:33:01 PM",
"2","18.57933","8/28/2026 2:33:01 PM","8/28/2026 2:33:01 PM",
"3","18.58131","8/28/2026 2:33:01 PM","8/28/2026 2:33:01 PM",
"4","18.58131","8/28/2026 2:33:01 PM","8/28/2026 2:33:01 PM",
"5","18.57976","8/28/2026 2:33:01 PM","8/28/2026 2:33:01 PM",
"6","18.57976","8/28/2026 2:33:01 PM","8/28/2026 2:33:01 PM",
"7","18.58","8/28/2026 2:33:01 PM","8/28/2026 2:33:01 PM",
"8","18.58","8/28/2026 2:33:01 PM","8/28/2026 2:33:01 PM",
"9","18.58058","8/28/2026 2:33:02 PM","8/28/2026 2:33:02 PM",
"10","18.58058","8/28/2026 2:33:02 PM","8/28/2026 2:33:02 PM",
"11","18.58112","8/28/2026 2:33:02 PM","8/28/2026 2:33:02 PM",
"12","18.58112","8/28/2026 2:33:02 PM","8/28/2026 2:33:02 PM",
"13","18.5791","8/28/2026 2:33:02 PM","8/28/2026 2:33:02 PM",
"14","18.5791","8/28/2026 2:33:02 PM","8/28/2026 2:33:02 PM",
"15","18.58026","8/28/2026 2:33:02 PM","8/28/2026 2:33:02 PM",
"16","18.58026","8/28/2026 2:33:02 PM","8/28/2026 2:33:02 PM",
"17","18.58009","8/28/2026 2:33:02 PM","8/28/2026 2:33:02 PM",
"18","18.58009","8/28/2026 2:33:02 PM","8/28/2026 2:33:02 PM",
"19","18.58131","8/28/2026 2:33:02 PM","8/28/2026 2:33:02 PM",
"20","18.58131","8/28/2026 2:33:02 PM","8/28/2026 2:33:02 PM",
"21","18.57907","8/28/2026 2:33:02 PM","8/28/2026 2:33:02 PM",
"22","18.57907","8/28/2026 2:33:02 PM","8/28/2026 2:33:02 PM",
"23","18.58114","8/28/2026 2:33:02 PM","8/28/2026 2:33:02 PM",
"24","18.58114","8/28/2026 2:33:02 PM","8/28/2026 2:33:02 PM",
"25","18.57917","8/28/2026 2:33:02 PM","8/28/2026 2:33:02 PM",
"26","18.57917","8/28/2026 2:33:02 PM","8/28/2026 2:33:02 PM",
"27","18.58065","8/28/2026 2:33:02 PM","8/28/2026 2:33:02 PM",
"28","18.58065","8/28/2026 2:33:02 PM","8/28/2026 2:33:02 PM",
"29","18.58002","8/28/2026 2:33:02 PM","8/28/2026 2:33:02 PM",
"30","18.58002","8/28/2026 2:33:02 PM","8/28/2026 2:33:02 PM",
"31","18.58033","8/28/2026 2:33:02 PM","8/28/2026 2:33:02 PM",
"32","18.58033","8/28/2026 2:33:02 PM","8/28/2026 2:33:02 PM",
"33","18.5801","8/28/2026 2:33:02 PM","8/28/2026 2:33:02 PM",
"34","18.5801","8/28/2026 2:33:02 PM","8/28/2026 2:33:02 PM",
"35","18.58061","8/28/2026 2:33:02 PM","8/28/2026 2:33:02 PM",
"36","18.58061","8/28/2026 2:33:02 PM","8/28/2026 2:33:02 PM",
"37","18.58024","8/28/2026 2:33:02 PM","8/28/2026 2:33:02 PM",
"38","18.58024","8/28/2026 2:33:02 PM","8/28/2026 2:33:02 PM",
"39","18.57999","8/28/2026 2:33:02 PM","8/28/2026 2:33:02 PM",
"40","18.57999","8/28/2026 2:33:02 PM","8/28/2026 2:33:02 PM",
"41","18.58015","8/28/2026 2:33:02 PM","8/28/2026 2:33:02 PM",
"42","18.58015","8/28/2026 2:33:02 PM","8/28/2026 2:33:02 PM",
"43","18.58126","8/28/2026 2:33:02 PM","8/28/2026 2:33:02 PM",
"44","18.58126","8/28/2026 2:33:02 PM","8/28/2026 2:33:02 PM",
"45","18.58055","8/28/2026 2:33:02 PM","8/28/2026 2:33:02 PM",
"46","18.58055","8/28/2026 2:33:02 PM","8/28/2026 2:33:02 PM",
"47","18.58175","8/28/2026 2:33:02 PM","8/28/2026 2:33:02 PM",
"48","18.58175","8/28/2026 2:33:02 PM","8/28/2026 2:33:02 PM",
"49","18.58047","8/28/2026 2:33:02 PM","8/28/2026 2:33:02 PM",
"50","18.58047","8/28/2026 2:33:02 PM","8/28/2026 2:33:02 PM",
"51","18.57958","8/28/2026 2:33:02 PM","8/28/2026 2:33:02 PM",
"52","18.57958","8/28/2026 2:33:02 PM","8/28/2026 2:33:02 PM",
"53","18.57996","8/28/2026 2:33:02 PM","8/28/2026 2:33:02 PM",
"54","18.57996","8/28/2026 2:33:02 PM","8/28/2026 2:33:02 PM",
"55","18.58005","8/28/2026 2:33:02 PM","8/28/2026 2:33:02 PM",
"56","18.58005","8/28/2026 2:33:02 PM","8/28/2026 2:33:02 PM",
"57","18.58072","8/28/2026 2:33:02 PM","8/28/2026 2:33:02 PM",
"58","18.58072","8/28/2026 2:33:02 PM","8/28/2026 2:33:02 PM",
"59","18.5791","8/28/2026 2:33:02 PM","8/28/2026 2:33:02 PM",
"60","18.5791","8/28/2026 2:33:02 PM","8/28/2026 2:33:02 PM",
"61","18.57941","8/28/2026 2:33:02 PM","8/28/2026 2:33:02 PM",
"62","18.57941","8/28/2026 2:33:02 PM","8/28/2026 2:33:02 PM",
"63","18.57802","8/28/2026 2:33:02 PM","8/28/2026 2:33:02 PM",
"64","18.57802","8/28/2026 2:33:02 PM","8/28/2026 2:33:02 PM",
"65","18.58002","8/28/2026 2:33:02 PM","8/28/2026 2:33:02 PM",
"66","18.58002","8/28/2026 2:33:02 PM","8/28/2026 2:33:02 PM",
"67","18.58042","8/28/2026 2:33:02 PM","8/28/2026 2:33:02 PM",
"68","18.58042","8/28/2026 2:33:02 PM","8/28/2026 2:33:02 PM",
"69","18.58138","8/28/2026 2:33:02 PM","8/28/2026 2:33:02 PM",
"70","18.58138","8/28/2026 2:33:02 PM","8/28/2026 2:33:02 PM",
"71","18.58105","8/28/2026 2:33:02 PM","8/28/2026 2:33:02 PM",
"72","18.58105","8/28/2026 2:33:02 PM","8/28/2026 2:33:02 PM",
"73","18.58008","8/28/2026 2:33:02 PM","8/28/2026 2:33:02 PM",
"74","18.58008","8/28/2026 2:33:02 PM","8/28/2026 2:33:02 PM",
"75","18.57934","8/28/2026 2:33:02 PM","8/28/2026 2:33:02 PM",
"76","18.57934","8/28/2026 2:33:02 PM","8/28/2026 2:33:02 PM",
"77","18.57924","8/28/2026 2:33:02 PM","8/28/2026 2:33:02 PM",
"78","18.57924","8/28/2026 2:33:02 PM","8/28/2026 2:33:02 PM",
"79","18.58108","8/28/2026 2:33:02 PM","8/28/2026 2:33:02 PM",
"80","18.58108","8/28/2026 2:33:02 PM","8/28/2026 2:33:02 PM",
"81","18.58031","8/28/2026 2:33:02 PM","8/28/2026 2:33:02 PM",
"82","18.58031","8/28/2026 2:33:02 PM","8/28/2026 2:33:02 PM",
"83","18.58099","8/28/2026 2:33:02 PM","8/28/2026 2:33:02 PM",
"84","18.58099","8/28/2026 2:33:02 PM","8/28/2026 2:33:02 PM",
"85","18.5802","8/28/2026 2:33:02 PM","8/28/2026 2:33:02 PM",
"86","18.5802","8/28/2026 2:33:02 PM","8/28/2026 2:33:02 PM",
"87","18.58053","8/28/2026 2:33:02 PM","8/28/2026 2:33:02 PM",
"88","18.58053","8/28/2026 2:33:02 PM","8/28/2026 2:33:02 PM",
"89","18.57945","8/28/2026 2:33:02 PM","8/28/2026 2:33:02 PM",
"90","18.57945","8/28/2026 2:33:02 PM","8/28/2026 2:33:02 PM",
"91","18.57989","8/28/2026 2:33:02 PM","8/28/2026 2:33:02 PM",
"92","18.57989","8/28/2026 2:33:02 PM","8/28/2026 2:33:02 PM",
"93","18.58056","8/28/2026 2:33:02 PM","8/28/2026 2:33:02 PM",
"94","18.58056","8/28/2026 2:33:02 PM","8/28/2026 2:33:02 PM",
"95","18.5803","8/28/2026 2:33:02 PM","8/28/2026 2:33:02 PM",
"96","18.5803","8/28/2026 2:33:02 PM","8/28/2026 2:33:02 PM",
"97","18.57943","8/28/2026 2:33:02 PM","8/28/2026 2:33:02 PM",
"98","18.57943","8/28/2026 2:33:02 PM","8/28/2026 2:33:02 PM",
"99","18.57985","8/28/2026 2:33:02 PM","8/28/2026 2:33:02 PM",
"100","18.57985","8/28/2026 2:33:02 PM","8/28/2026 2:33:02 PM",
"101","18.57984","8/28/2026 2:33:02 PM","8/28/2026 2:33:02 PM",
"102","18.57984","8/28/2026 2:33:02 PM","8/28/2026 2:33:02 PM",
"103","18.57983","8/28/2026 2:33:02 PM","8/28/2026 2:33:02 PM",
"104","18.57983","8/28/2026 2:33:02 PM","8/28/2026 2:33:02 PM",
"105","18.57929","8/28/2026 2:33:02 PM","8/28/2026 2:33:02 PM",
"106","18.57929","8/28/2026 2:33:02 PM","8/28/2026 2:33:02 PM",
"107","18.57972","8/28/2026 2:33:02 PM","8/28/2026 2:33:02 PM",
"108","18.57972","8/28/2026 2:33:02 PM","8/28/2026 2:33:02 PM",
"109","18.58043","8/28/2026 2:33:03 PM","8/28/2026 2:33:03 PM",
"110","18.58043","8/28/2026 2:33:03 PM","8/28/2026 2:33:03 PM",
"111","18.58027","8/28/2026 2:33:03 PM","8/28/2026 2:33:03 PM",
"112","18.58027","8/28/2026 2:33:03 PM","8/28/2026 2:33:03 PM",
"113","18.58021","8/28/2026 2:33:03 PM","8/28/2026 2:33:03 PM",
"114","18.58021","8/28/2026 2:33:03 PM","8/28/2026 2:33:03 PM",
"115","18.58104","8/28/2026 2:33:03 PM","8/28/2026 2:33:03 PM",
"116","18.58104","8/28/2026 2:33:03 PM","8/28/2026 2:33:03 PM",
"117","18.57941","8/28/2026 2:33:03 PM","8/28/2026 2:33:03 PM",
"118","18.57941","8/28/2026 2:33:03 PM","8/28/2026 2:33:03 PM",
"119","18.58031","8/28/2026 2:33:03 PM","8/28/2026 2:33:03 PM",
"120","18.58031","8/28/2026 2:33:03 PM","8/28/2026 2:33:03 PM",
"121","18.58031","8/28/2026 2:33:03 PM","8/28/2026 2:33:03 PM",
"122","18.58015","8/28/2026 2:33:03 PM","8/28/2026 2:33:03 PM",
"123","18.58015","8/28/2026 2:33:03 PM","8/28/2026 2:33:03 PM",
"124","18.58125","8/28/2026 2:33:03 PM","8/28/2026 2:33:03 PM",
"125","18.58125","8/28/2026 2:33:03 PM","8/28/2026 2:33:03 PM",
"126","18.57937","8/28/2026 2:33:03 PM","8/28/2026 2:33:03 PM",
"127","18.57937","8/28/2026 2:33:03 PM","8/28/2026 2:33:03 PM",
"128","18.58009","8/28/2026 2:33:03 PM","8/28/2026 2:33:03 PM",
"129","18.58009","8/28/2026 2:33:03 PM","8/28/2026 2:33:03 PM",
"130","18.58118","8/28/2026 2:33:03 PM","8/28/2026 2:33:03 PM",
"131","18.58118","8/28/2026 2:33:03 PM","8/28/2026 2:33:03 PM",
"132","18.57896","8/28/2026 2:33:03 PM","8/28/2026 2:33:03 PM",
"133","18.58029","8/28/2026 2:33:03 PM","8/28/2026 2:33:03 PM",
"134","18.58029","8/28/2026 2:33:03 PM","8/28/2026 2:33:03 PM",
"135","18.57952","8/28/2026 2:33:03 PM","8/28/2026 2:33:03 PM",
"136","18.57952","8/28/2026 2:33:03 PM","8/28/2026 2:33:03 PM",
"137","18.58022","8/28/2026 2:33:03 PM","8/28/2026 2:33:03 PM",
"138","18.58022","8/28/2026 2:33:03 PM","8/28/2026 2:33:03 PM",
"139","18.57956","8/28/2026 2:33:03 PM","8/28/2026 2:33:03 PM",
"140","18.57956","8/28/2026 2:33:03 PM","8/28/2026 2:33:03 PM",
"141","18.58015","8/28/2026 2:33:03 PM","8/28/2026 2:33:03 PM",
"142","18.58015","8/28/2026 2:33:03 PM","8/28/2026 2:33:03 PM",
"143","18.57925","8/28/2026 2:33:03 PM","8/28/2026 2:33:03 PM",
"144","18.57925","8/28/2026 2:33:03 PM","8/28/2026 2:33:03 PM",
"145","18.58026","8/28/2026 2:33:03 PM","8/28/2026 2:33:03 PM",
"146","18.58026","8/28/2026 2:33:03 PM","8/28/2026 2:33:03 PM",
"147","18.58022","8/28/2026 2:33:03 PM","8/28/2026 2:33:03 PM",
"148","18.58022","8/28/2026 2:33:03 PM","8/28/2026 2:33:03 PM",
"149","18.58018","8/28/2026 2:33:03 PM","8/28/2026 2:33:03 PM",
"150","18.58018","8/28/2026 2:33:03 PM","8/28/2026 2:33:03 PM",
"151","18.58037","8/28/2026 2:33:03 PM","8/28/2026 2:33:03 PM",
"152","18.58037","8/28/2026 2:33:03 PM","8/28/2026 2:33:03 PM",
"153","18.57988","8/28/2026 2:33:03 PM","8/28/2026 2:33:03 PM",
"154","18.57988","8/28/2026 2:33:03 PM","8/28/2026 2:33:03 PM",
"155","18.57856","8/28/2026 2:33:03 PM","8/28/2026 2:33:03 PM",
"156","18.57856","8/28/2026 2:33:03 PM","8/28/2026 2:33:03 PM",
"157","18.57922","8/28/2026 2:33:03 PM","8/28/2026 2:33:03 PM",
"158","18.57922","8/28/2026 2:33:03 PM","8/28/2026 2:33:03 PM",
"159","18.57902","8/28/2026 2:33:03 PM","8/28/2026 2:33:03 PM",
"160","18.57902","8/28/2026 2:33:03 PM","8/28/2026 2:33:03 PM",
"161","18.58039","8/28/2026 2:33:03 PM","8/28/2026 2:33:03 PM",
"162","18.58039","8/28/2026 2:33:03 PM","8/28/2026 2:33:03 PM",
"163","18.57981","8/28/2026 2:33:03 PM","8/28/2026 2:33:03 PM",
"164","18.57981","8/28/2026 2:33:03 PM","8/28/2026 2:33:03 PM",
"165","18.58039","8/28/2026 2:33:03 PM","8/28/2026 2:33:03 PM",
"166","18.58039","8/28/2026 2:33:03 PM","8/28/2026 2:33:03 PM",
"167","18.57968","8/28/2026 2:33:03 PM","8/28/2026 2:33:03 PM",
"168","18.57968","8/28/2026 2:33:03 PM","8/28/2026 2:33:03 PM",
"169","18.5797","8/28/2026 2:33:03 PM","8/28/2026 2:33:03 PM",
"170","18.5797","8/28/2026 2:33:03 PM","8/28/2026 2:33:03 PM",
"171","18.57843","8/28/2026 2:33:03 PM","8/28/2026 2:33:03 PM",
"172","18.57843","8/28/2026 2:33:03 PM","8/28/2026 2:33:03 PM",
"173","18.57874","8/28/2026 2:33:03 PM","8/28/2026 2:33:03 PM",
"174","18.57874","8/28/2026 2:33:03 PM","8/28/2026 2:33:03 PM",
"175","18.57916","8/28/2026 2:33:03 PM","8/28/2026 2:33:03 PM",
"176","18.57916","8/28/2026 2:33:03 PM","8/28/2026 2:33:03 PM",
"177","18.57784","8/28/2026 2:33:03 PM","8/28/2026 2:33:03 PM",
"178","18.57784","8/28/2026 2:33:03 PM","8/28/2026 2:33:03 PM",
"179","18.57856","8/28/2026 2:33:03 PM","8/28/2026 2:33:03 PM",
"180","18.57856","8/28/2026 2:33:03 PM","8/28/2026 2:33:03 PM",
"181","18.57802","8/28/2026 2:33:03 PM","8/28/2026 2:33:03 PM",
"182","18.57802","8/28/2026 2:33:03 PM","8/28/2026 2:33:03 PM",
"183","18.57718","8/28/2026 2:33:03 PM","8/28/2026 2:33:03 PM",
"184","18.57718","8/28/2026 2:33:03 PM","8/28/2026 2:33:03 PM",
"185","18.57599","8/28/2026 2:33:03 PM","8/28/2026 2:33:03 PM",
"186","18.57599","8/28/2026 2:33:03 PM","8/28/2026 2:33:03 PM",
"187","18.57725","8/28/2026 2:33:03 PM","8/28/2026 2:33:03 PM",
"188","18.57725","8/28/2026 2:33:03 PM","8/28/2026 2:33:03 PM",
"189","18.57682","8/28/2026 2:33:03 PM","8/28/2026 2:33:03 PM",
"190","18.57682","8/28/2026 2:33:03 PM","8/28/2026 2:33:03 PM",
"191","18.57697","8/28/2026 2:33:03 PM","8/28/2026 2:33:03 PM",
"192","18.57697","8/28/2026 2:33:03 PM","8/28/2026 2:33:03 PM",
"193","18.57697","8/28/2026 2:33:03 PM","8/28/2026 2:33:03 PM",
"194","18.57653","8/28/2026 2:33:03 PM","8/28/2026 2:33:03 PM",
"195","18.57653","8/28/2026 2:33:03 PM","8/28/2026 2:33:03 PM",
"196","18.57645","8/28/2026 2:33:03 PM","8/28/2026 2:33:03 PM",
"197","18.57645","8/28/2026 2:33:03 PM","8/28/2026 2:33:03 PM",
"198","18.57494","8/28/2026 2:33:03 PM","8/28/2026 2:33:03 PM",
"199","18.57494","8/28/2026 2:33:03 PM","8/28/2026 2:33:03 PM",
"200","18.5754","8/28/2026 2:33:03 PM","8/28/2026 2:33:03 PM",
"201","18.5754","8/28/2026 2:33:03 PM","8/28/2026 2:33:03 PM",
"202","18.57478","8/28/2026 2:33:03 PM","8/28/2026 2:33:03 PM",
"203","18.57478","8/28/2026 2:33:03 PM","8/28/2026 2:33:03 PM",
"204","18.57516","8/28/2026 2:33:03 PM","8/28/2026 2:33:03 PM",
"205","18.57516","8/28/2026 2:33:03 PM","8/28/2026 2:33:03 PM",
"206","18.57561","8/28/2026 2:33:03 PM","8/28/2026 2:33:03 PM",
"207","18.57561","8/28/2026 2:33:03 PM","8/28/2026 2:33:03 PM",
"208","18.57576","8/28/2026 2:33:03 PM","8/28/2026 2:33:03 PM",
"209","18.57576","8/28/2026 2:33:04 PM","8/28/2026 2:33:04 PM",
"210","18.57527","8/28/2026 2:33:04 PM","8/28/2026 2:33:04 PM",
"211","18.57527","8/28/2026 2:33:04 PM","8/28/2026 2:33:04 PM",
"212","18.57603","8/28/2026 2:33:04 PM","8/28/2026 2:33:04 PM",
"213","18.57603","8/28/2026 2:33:04 PM","8/28/2026 2:33:04 PM",
"214","18.5737","8/28/2026 2:33:04 PM","8/28/2026 2:33:04 PM",
"215","18.5737","8/28/2026 2:33:04 PM","8/28/2026 2:33:04 PM",
"216","18.57492","8/28/2026 2:33:04 PM","8/28/2026 2:33:04 PM",
"217","18.57492","8/28/2026 2:33:04 PM","8/28/2026 2:33:04 PM",
"218","18.574","8/28/2026 2:33:04 PM","8/28/2026 2:33:04 PM",
"219","18.574","8/28/2026 2:33:04 PM","8/28/2026 2:33:04 PM",
"220","18.57344","8/28/2026 2:33:04 PM","8/28/2026 2:33:04 PM",
"221","18.57344","8/28/2026 2:33:04 PM","8/28/2026 2:33:04 PM",
"222","18.57343","8/28/2026 2:33:04 PM","8/28/2026 2:33:04 PM",
"223","18.57343","8/28/2026 2:33:04 PM","8/28/2026 2:33:04 PM",
"224","18.5737","8/28/2026 2:33:04 PM","8/28/2026 2:33:04 PM",
"225","18.5737","8/28/2026 2:33:04 PM","8/28/2026 2:33:04 PM",
"226","18.57359","8/28/2026 2:33:04 PM","8/28/2026 2:33:04 PM",
"227","18.57359","8/28/2026 2:33:04 PM","8/28/2026 2:33:04 PM",
"228","18.57221","8/28/2026 2:33:04 PM","8/28/2026 2:33:04 PM",
"229","18.57221","8/28/2026 2:33:04 PM","8/28/2026 2:33:04 PM",
"230","18.57221","8/28/2026 2:33:04 PM","8/28/2026 2:33:04 PM",
"231","18.57221","8/28/2026 2:33:04 PM","8/28/2026 2:33:04 PM",
"232","18.57207","8/28/2026 2:33:04 PM","8/28/2026 2:33:04 PM",
"233","18.57207","8/28/2026 2:33:04 PM","8/28/2026 2:33:04 PM",
"234","18.57144","8/28/2026 2:33:04 PM","8/28/2026 2:33:04 PM",
"235","18.57144","8/28/2026 2:33:04 PM","8/28/2026 2:33:04 PM",
"236","18.57169","8/28/2026 2:33:04 PM","8/28/2026 2:33:04 PM",
"237","18.57169","8/28/2026 2:33:04 PM","8/28/2026 2:33:04 PM",
"238","18.57122","8/28/2026 2:33:04 PM","8/28/2026 2:33:04 PM",
"239","18.57122","8/28/2026 2:33:04 PM","8/28/2026 2:33:04 PM",
"240","18.57164","8/28/2026 2:33:04 PM","8/28/2026 2:33:04 PM",
"241","18.57164","8/28/2026 2:33:04 PM","8/28/2026 2:33:04 PM",
"242","18.57072","8/28/2026 2:33:04 PM","8/28/2026 2:33:04 PM",
"243","18.57072","8/28/2026 2:33:04 PM","8/28/2026 2:33:04 PM",
"244","18.5704","8/28/2026 2:33:04 PM","8/28/2026 2:33:04 PM",
"245","18.5704","8/28/2026 2:33:04 PM","8/28/2026 2:33:04 PM",
"246","18.57059","8/28/2026 2:33:04 PM","8/28/2026 2:33:04 PM",
"247","18.57059","8/28/2026 2:33:04 PM","8/28/2026 2:33:04 PM",
"248","18.57115","8/28/2026 2:33:04 PM","8/28/2026 2:33:04 PM",
"249","18.57115","8/28/2026 2:33:04 PM","8/28/2026 2:33:04 PM",
"250","18.5708","8/28/2026 2:33:04 PM","8/28/2026 2:33:04 PM",
"251","18.5708","8/28/2026 2:33:04 PM","8/28/2026 2:33:04 PM",
"252","18.56969","8/28/2026 2:33:04 PM","8/28/2026 2:33:04 PM",
"253","18.56969","8/28/2026 2:33:04 PM","8/28/2026 2:33:04 PM",
"254","18.56904","8/28/2026 2:33:04 PM","8/28/2026 2:33:04 PM",
"255","18.56904","8/28/2026 2:33:04 PM","8/28/2026 2:33:04 PM",
"256","18.56941","8/28/2026 2:33:04 PM","8/28/2026 2:33:04 PM",
"257","18.56941","8/28/2026 2:33:04 PM","8/28/2026 2:33:04 PM",
"258","18.56841","8/28/2026 2:33:04 PM","8/28/2026 2:33:04 PM",
"259","18.56841","8/28/2026 2:33:04 PM","8/28/2026 2:33:04 PM",
"260","18.5699","8/28/2026 2:33:04 PM","8/28/2026 2:33:04 PM",
"261","18.5699","8/28/2026 2:33:04 PM","8/28/2026 2:33:04 PM",
"262","18.56832","8/28/2026 2:33:04 PM","8/28/2026 2:33:04 PM",
"263","18.56832","8/28/2026 2:33:04 PM","8/28/2026 2:33:04 PM",
"264","18.5687","8/28/2026 2:33:04 PM","8/28/2026 2:33:04 PM",
"265","18.5687","8/28/2026 2:33:04 PM","8/28/2026 2:33:04 PM",
"266","18.56698","8/28/2026 2:33:04 PM","8/28/2026 2:33:04 PM",
"267","18.56698","8/28/2026 2:33:04 PM","8/28/2026 2:33:04 PM",
"268","18.56811","8/28/2026 2:33:04 PM","8/28/2026 2:33:04 PM",
"269","18.56811","8/28/2026 2:33:04 PM","8/28/2026 2:33:04 PM",
"270","18.56723","8/28/2026 2:33:04 PM","8/28/2026 2:33:04 PM",
"271","18.56723","8/28/2026 2:33:04 PM","8/28/2026 2:33:04 PM",
"272","18.56767","8/28/2026 2:33:04 PM","8/28/2026 2:33:04 PM",
"273","18.56767","8/28/2026 2:33:04 PM","8/28/2026 2:33:04 PM",
"274","18.56701","8/28/2026 2:33:04 PM","8/28/2026 2:33:04 PM",
"275","18.56701","8/28/2026 2:33:04 PM","8/28/2026 2:33:04 PM",
"276","18.56699","8/28/2026 2:33:04 PM","8/28/2026 2:33:04 PM",
"277","18.56699","8/28/2026 2:33:04 PM","8/28/2026 2:33:04 PM",
"278","18.56689","8/28/2026 2:33:04 PM","8/28/2026 2:33:04 PM",
"279","18.56689","8/28/2026 2:33:04 PM","8/28/2026 2:33:04 PM",
"280","18.56703","8/28/2026 2:33:04 PM","8/28/2026 2:33:04 PM",
"281","18.56703","8/28/2026 2:33:04 PM","8/28/2026 2:33:04 PM",
"282","18.5662","8/28/2026 2:33:04 PM","8/28/2026 2:33:04 PM",
"283","18.5662","8/28/2026 2:33:04 PM","8/28/2026 2:33:04 PM",
"284","18.56671","8/28/2026 2:33:04 PM","8/28/2026 2:33:04 PM",
"285","18.56671","8/28/2026 2:33:04 PM","8/28/2026 2:33:04 PM",
"286","18.56651","8/28/2026 2:33:04 PM","8/28/2026 2:33:04 PM",
"287","18.56651","8/28/2026 2:33:04 PM","8/28/2026 2:33:04 PM",
"288","18.56615","8/28/2026 2:33:04 PM","8/28/2026 2:33:04 PM",
"289","18.56615","8/28/2026 2:33:04 PM","8/28/2026 2:33:04 PM",
"290","18.56531","8/28/2026 2:33:04 PM","8/28/2026 2:33:04 PM",
"291","18.56531","8/28/2026 2:33:04 PM","8/28/2026 2:33:04 PM",
"292","18.5654","8/28/2026 2:33:04 PM","8/28/2026 2:33:04 PM",
"293","18.5654","8/28/2026 2:33:04 PM","8/28/2026 2:33:04 PM",
"294","18.56443","8/28/2026 2:33:04 PM","8/28/2026 2:33:04 PM",
"295","18.56443","8/28/2026 2:33:04 PM","8/28/2026 2:33:04 PM",
"296","18.56577","8/28/2026 2:33:04 PM","8/28/2026 2:33:04 PM",
"297","18.56577","8/28/2026 2:33:04 PM","8/28/2026 2:33:04 PM",
"298","18.56425","8/28/2026 2:33:04 PM","8/28/2026 2:33:04 PM",
"299","18.56425","8/28/2026 2:33:04 PM","8/28/2026 2:33:04 PM",
"300","18.56404","8/28/2026 2:33:04 PM","8/28/2026 2:33:04 PM",
"301","18.56404","8/28/2026 2:33:04 PM","8/28/2026 2:33:04 PM",
"302","18.56457","8/28/2026 2:33:04 PM","8/28/2026 2:33:04 PM",
"303","18.56457","8/28/2026 2:33:04 PM","8/28/2026 2:33:04 PM",
"304","18.5648","8/28/2026 2:33:04 PM","8/28/2026 2:33:04 PM",
"305","18.5648","8/28/2026 2:33:04 PM","8/28/2026 2:33:04 PM",
"306","18.56446","8/28/2026 2:33:04 PM","8/28/2026 2:33:04 PM",
"307","18.56446","8/28/2026 2:33:04 PM","8/28/2026 2:33:04 PM",
"308","18.5636","8/28/2026 2:33:04 PM","8/28/2026 2:33:04 PM",
"309","18.5636","8/28/2026 2:33:05 PM","8/28/2026 2:33:05 PM",
"310","18.56474","8/28/2026 2:33:05 PM","8/28/2026 2:33:05 PM",
"311","18.56474","8/28/2026 2:33:05 PM","8/28/2026 2:33:05 PM",
"312","18.56318","8/28/2026 2:33:05 PM","8/28/2026 2:33:05 PM",
"313","18.56318","8/28/2026 2:33:05 PM","8/28/2026 2:33:05 PM",
"314","18.56463","8/28/2026 2:33:05 PM","8/28/2026 2:33:05 PM",
"315","18.56463","8/28/2026 2:33:05 PM","8/28/2026 2:33:05 PM",
"316","18.56339","8/28/2026 2:33:05 PM","8/28/2026 2:33:05 PM",
"317","18.56339","8/28/2026 2:33:05 PM","8/28/2026 2:33:05 PM",
"318","18.56412","8/28/2026 2:33:05 PM","8/28/2026 2:33:05 PM",
"319","18.56412","8/28/2026 2:33:05 PM","8/28/2026 2:33:05 PM",
"320","18.56237","8/28/2026 2:33:05 PM","8/28/2026 2:33:05 PM",
"321","18.56237","8/28/2026 2:33:05 PM","8/28/2026 2:33:05 PM",
"322","18.56364","8/28/2026 2:33:05 PM","8/28/2026 2:33:05 PM",
"323","18.56364","8/28/2026 2:33:05 PM","8/28/2026 2:33:05 PM",
"324","18.56153","8/28/2026 2:33:05 PM","8/28/2026 2:33:05 PM",
"325","18.56153","8/28/2026 2:33:05 PM","8/28/2026 2:33:05 PM",
"326","18.56214","8/28/2026 2:33:05 PM","8/28/2026 2:33:05 PM",
"327","18.56214","8/28/2026 2:33:05 PM","8/28/2026 2:33:05 PM",
"328","18.56148","8/28/2026 2:33:05 PM","8/28/2026 2:33:05 PM",
"329","18.56148","8/28/2026 2:33:05 PM","8/28/2026 2:33:05 PM",
"330","18.56273","8/28/2026 2:33:05 PM","8/28/2026 2:33:05 PM",
"331","18.56273","8/28/2026 2:33:05 PM","8/28/2026 2:33:05 PM",
"332","18.56151","8/28/2026 2:33:05 PM","8/28/2026 2:33:05 PM",
"333","18.56151","8/28/2026 2:33:05 PM","8/28/2026 2:33:05 PM",
"334","18.56223","8/28/2026 2:33:05 PM","8/28/2026 2:33:05 PM",
"335","18.56223","8/28/2026 2:33:05 PM","8/28/2026 2:33:05 PM",
"336","18.56143","8/28/2026 2:33:05 PM","8/28/2026 2:33:05 PM",
"337","18.56143","8/28/2026 2:33:05 PM","8/28/2026 2:33:05 PM",
"338","18.56255","8/28/2026 2:33:05 PM","8/28/2026 2:33:05 PM",
"339","18.56255","8/28/2026 2:33:05 PM","8/28/2026 2:33:05 PM",
"340","18.5609","8/28/2026 2:33:05 PM","8/28/2026 2:33:05 PM",
"341","18.5609","8/28/2026 2:33:05 PM","8/28/2026 2:33:05 PM",
"342","18.56203","8/28/2026 2:33:05 PM","8/28/2026 2:33:05 PM",
"343","18.56203","8/28/2026 2:33:05 PM","8/28/2026 2:33:05 PM",
"344","18.56021","8/28/2026 2:33:05 PM","8/28/2026 2:33:05 PM",
"345","18.56021","8/28/2026 2:33:05 PM","8/28/2026 2:33:05 PM",
"346","18.5617","8/28/2026 2:33:05 PM","8/28/2026 2:33:05 PM",
"347","18.5617","8/28/2026 2:33:05 PM","8/28/2026 2:33:05 PM",
"348","18.56008","8/28/2026 2:33:05 PM","8/28/2026 2:33:05 PM",
"349","18.56008","8/28/2026 2:33:05 PM","8/28/2026 2:33:05 PM",
"350","18.56172","8/28/2026 2:33:05 PM","8/28/2026 2:33:05 PM",
"351","18.56172","8/28/2026 2:33:05 PM","8/28/2026 2:33:05 PM",
"352","18.55954","8/28/2026 2:33:05 PM","8/28/2026 2:33:05 PM",
"353","18.55954","8/28/2026 2:33:05 PM","8/28/2026 2:33:05 PM",
"354","18.55944","8/28/2026 2:33:05 PM","8/28/2026 2:33:05 PM",
"355","18.55944","8/28/2026 2:33:05 PM","8/28/2026 2:33:05 PM",
"356","18.55811","8/28/2026 2:33:05 PM","8/28/2026 2:33:05 PM",
"357","18.55811","8/28/2026 2:33:05 PM","8/28/2026 2:33:05 PM",
"358","18.55996","8/28/2026 2:33:05 PM","8/28/2026 2:33:05 PM",
"359","18.55996","8/28/2026 2:33:05 PM","8/28/2026 2:33:05 PM",
"360","18.55998","8/28/2026 2:33:05 PM","8/28/2026 2:33:05 PM",
"361","18.55998","8/28/2026 2:33:05 PM","8/28/2026 2:33:05 PM",
"362","18.55963","8/28/2026 2:33:05 PM","8/28/2026 2:33:05 PM",
"363","18.55963","8/28/2026 2:33:05 PM","8/28/2026 2:33:05 PM",
"364","18.55874","8/28/2026 2:33:05 PM","8/28/2026 2:33:05 PM",
"365","18.55874","8/28/2026 2:33:05 PM","8/28/2026 2:33:05 PM",
"366","18.55886","8/28/2026 2:33:05 PM","8/28/2026 2:33:05 PM",
"367","18.55886","8/28/2026 2:33:05 PM","8/28/2026 2:33:05 PM",
"368","18.55838","8/28/2026 2:33:05 PM","8/28/2026 2:33:05 PM",
"369","18.55838","8/28/2026 2:33:05 PM","8/28/2026 2:33:05 PM",
"370","18.55938","8/28/2026 2:33:05 PM","8/28/2026 2:33:05 PM",
"371","18.55938","8/28/2026 2:33:05 PM","8/28/2026 2:33:05 PM",
"372","18.55825","8/28/2026 2:33:05 PM","8/28/2026 2:33:05 PM",
"373","18.55825","8/28/2026 2:33:05 PM","8/28/2026 2:33:05 PM",
"374","18.55883","8/28/2026 2:33:05 PM","8/28/2026 2:33:05 PM",
"375","18.55883","8/28/2026 2:33:05 PM","8/28/2026 2:33:05 PM",
"376","18.5581","8/28/2026 2:33:05 PM","8/28/2026 2:33:05 PM",
"377","18.5581","8/28/2026 2:33:05 PM","8/28/2026 2:33:05 PM",
"378","18.55852","8/28/2026 2:33:05 PM","8/28/2026 2:33:05 PM",
"379","18.55852","8/28/2026 2:33:05 PM","8/28/2026 2:33:05 PM",
"380","18.55806","8/28/2026 2:33:05 PM","8/28/2026 2:33:05 PM",
"381","18.55806","8/28/2026 2:33:05 PM","8/28/2026 2:33:05 PM",
"382","18.55788","8/28/2026 2:33:05 PM","8/28/2026 2:33:05 PM",
"383","18.55788","8/28/2026 2:33:05 PM","8/28/2026 2:33:05 PM",
"384","18.55795","8/28/2026 2:33:05 PM","8/28/2026 2:33:05 PM",
"385","18.55795","8/28/2026 2:33:05 PM","8/28/2026 2:33:05 PM",
"386","18.55745","8/28/2026 2:33:05 PM","8/28/2026 2:33:05 PM",
"387","18.55745","8/28/2026 2:33:05 PM","8/28/2026 2:33:05 PM",
"388","18.55822","8/28/2026 2:33:05 PM","8/28/2026 2:33:05 PM",
"389","18.55822","8/28/2026 2:33:05 PM","8/28/2026 2:33:05 PM",
"390","18.55805","8/28/2026 2:33:05 PM","8/28/2026 2:33:05 PM",
"391","18.55805","8/28/2026 2:33:05 PM","8/28/2026 2:33:05 PM",
"392","18.55675","8/28/2026 2:33:05 PM","8/28/2026 2:33:05 PM",
"393","18.55675","8/28/2026 2:33:05 PM","8/28/2026 2:33:05 PM",
"394","18.55702","8/28/2026 2:33:05 PM","8/28/2026 2:33:05 PM",
"395","18.55702","8/28/2026 2:33:05 PM","8/28/2026 2:33:05 PM",
"396","18.55702","8/28/2026 2:33:05 PM","8/28/2026 2:33:05 PM",
"397","18.55694","8/28/2026 2:33:05 PM","8/28/2026 2:33:05 PM",
"398","18.55694","8/28/2026 2:33:05 PM","8/28/2026 2:33:05 PM",
"399","18.55785","8/28/2026 2:33:05 PM","8/28/2026 2:33:05 PM",
"400","18.55785","8/28/2026 2:33:05 PM","8/28/2026 2:33:05 PM",
"401","18.55611","8/28/2026 2:33:05 PM","8/28/2026 2:33:05 PM",
"402","18.55611","8/28/2026 2:33:05 PM","8/28/2026 2:33:05 PM",
"403","18.55689","8/28/2026 2:33:05 PM","8/28/2026 2:33:05 PM",
"404","18.55689","8/28/2026 2:33:05 PM","8/28/2026 2:33:05 PM",
"405","18.55643","8/28/2026 2:33:05 PM","8/28/2026 2:33:05 PM",
"406","18.55643","8/28/2026 2:33:05 PM","8/28/2026 2:33:05 PM",
"407","18.55693","8/28/2026 2:33:05 PM","8/28/2026 2:33:05 PM",
"408","18.55693","8/28/2026 2:33:05 PM","8/28/2026 2:33:05 PM",
"409","18.55663","8/28/2026 2:33:06 PM","8/28/2026 2:33:06 PM",
"410","18.55663","8/28/2026 2:33:06 PM","8/28/2026 2:33:06 PM",
"411","18.55566","8/28/2026 2:33:06 PM","8/28/2026 2:33:06 PM",
"412","18.55566","8/28/2026 2:33:06 PM","8/28/2026 2:33:06 PM",
"413","18.55608","8/28/2026 2:33:06 PM","8/28/2026 2:33:06 PM",
"414","18.55608","8/28/2026 2:33:06 PM","8/28/2026 2:33:06 PM",
"415","18.5564","8/28/2026 2:33:06 PM","8/28/2026 2:33:06 PM",
"416","18.5564","8/28/2026 2:33:06 PM","8/28/2026 2:33:06 PM",
"417","18.55552","8/28/2026 2:33:06 PM","8/28/2026 2:33:06 PM",
"418","18.55552","8/28/2026 2:33:06 PM","8/28/2026 2:33:06 PM",
"419","18.55599","8/28/2026 2:33:06 PM","8/28/2026 2:33:06 PM",
"420","18.55599","8/28/2026 2:33:06 PM","8/28/2026 2:33:06 PM",
"421","18.55549","8/28/2026 2:33:06 PM","8/28/2026 2:33:06 PM",
"422","18.55549","8/28/2026 2:33:06 PM","8/28/2026 2:33:06 PM",
"423","18.555","8/28/2026 2:33:06 PM","8/28/2026 2:33:06 PM",
"424","18.555","8/28/2026 2:33:06 PM","8/28/2026 2:33:06 PM",
"425","18.55592","8/28/2026 2:33:06 PM","8/28/2026 2:33:06 PM",
"426","18.55592","8/28/2026 2:33:06 PM","8/28/2026 2:33:06 PM",
"427","18.55624","8/28/2026 2:33:06 PM","8/28/2026 2:33:06 PM",
"428","18.55624","8/28/2026 2:33:06 PM","8/28/2026 2:33:06 PM",
"429","18.55548","8/28/2026 2:33:06 PM","8/28/2026 2:33:06 PM",
"430","18.55548","8/28/2026 2:33:06 PM","8/28/2026 2:33:06 PM",
"431","18.55466","8/28/2026 2:33:06 PM","8/28/2026 2:33:06 PM",
"432","18.55466","8/28/2026 2:33:06 PM","8/28/2026 2:33:06 PM",
"433","18.55473","8/28/2026 2:33:06 PM","8/28/2026 2:33:06 PM",
"434","18.55473","8/28/2026 2:33:06 PM","8/28/2026 2:33:06 PM",
"435","18.5545","8/28/2026 2:33:06 PM","8/28/2026 2:33:06 PM",
"436","18.5545","8/28/2026 2:33:06 PM","8/28/2026 2:33:06 PM",
"437","18.55548","8/28/2026 2:33:06 PM","8/28/2026 2:33:06 PM",
"438","18.55548","8/28/2026 2:33:06 PM","8/28/2026 2:33:06 PM",
"439","18.55523","8/28/2026 2:33:06 PM","8/28/2026 2:33:06 PM",
"440","18.55523","8/28/2026 2:33:06 PM","8/28/2026 2:33:06 PM",
"441","18.55439","8/28/2026 2:33:06 PM","8/28/2026 2:33:06 PM",
"442","18.55439","8/28/2026 2:33:06 PM","8/28/2026 2:33:06 PM",
"443","18.55508","8/28/2026 2:33:06 PM","8/28/2026 2:33:06 PM",
"444","18.55508","8/28/2026 2:33:06 PM","8/28/2026 2:33:06 PM",
"445","18.55498","8/28/2026 2:33:06 PM","8/28/2026 2:33:06 PM",
"446","18.55498","8/28/2026 2:33:06 PM","8/28/2026 2:33:06 PM",
"447","18.5544","8/28/2026 2:33:06 PM","8/28/2026 2:33:06 PM",
"448","18.5544","8/28/2026 2:33:06 PM","8/28/2026 2:33:06 PM",
"449","18.55397","8/28/2026 2:33:06 PM","8/28/2026 2:33:06 PM",
"450","18.55397","8/28/2026 2:33:06 PM","8/28/2026 2:33:06 PM",
"451","18.55514","8/28/2026 2:33:06 PM","8/28/2026 2:33:06 PM",
"452","18.55514","8/28/2026 2:33:06 PM","8/28/2026 2:33:06 PM",
"453","18.55231","8/28/2026 2:33:06 PM","8/28/2026 2:33:06 PM",
"454","18.55231","8/28/2026 2:33:06 PM","8/28/2026 2:33:06 PM",
"455","18.55251","8/28/2026 2:33:06 PM","8/28/2026 2:33:06 PM",
"456","18.55251","8/28/2026 2:33:06 PM","8/28/2026 2:33:06 PM",
"457","18.55373","8/28/2026 2:33:06 PM","8/28/2026 2:33:06 PM",
"458","18.55373","8/28/2026 2:33:06 PM","8/28/2026 2:33:06 PM",
"459","18.55243","8/28/2026 2:33:06 PM","8/28/2026 2:33:06 PM",
"460","18.55243","8/28/2026 2:33:06 PM","8/28/2026 2:33:06 PM",
"461","18.5529","8/28/2026 2:33:06 PM","8/28/2026 2:33:06 PM",
"462","18.5529","8/28/2026 2:33:06 PM","8/28/2026 2:33:06 PM",
"463","18.55201","8/28/2026 2:33:06 PM","8/28/2026 2:33:06 PM",
"464","18.55201","8/28/2026 2:33:06 PM","8/28/2026 2:33:06 PM",
"465","18.55286","8/28/2026 2:33:06 PM","8/28/2026 2:33:06 PM",
"466","18.55286","8/28/2026 2:33:06 PM","8/28/2026 2:33:06 PM",
"467","18.55143","8/28/2026 2:33:06 PM","8/28/2026 2:33:06 PM",
"468","18.55143","8/28/2026 2:33:06 PM","8/28/2026 2:33:06 PM",
"469","18.5507","8/28/2026 2:33:06 PM","8/28/2026 2:33:06 PM",
"470","18.5507","8/28/2026 2:33:06 PM","8/28/2026 2:33:06 PM",
"471","18.55064","8/28/2026 2:33:06 PM","8/28/2026 2:33:06 PM",
"472","18.55064","8/28/2026 2:33:06 PM","8/28/2026 2:33:06 PM",
"473","18.55218","8/28/2026 2:33:06 PM","8/28/2026 2:33:06 PM",
"474","18.55218","8/28/2026 2:33:06 PM","8/28/2026 2:33:06 PM",
"475","18.55184","8/28/2026 2:33:06 PM","8/28/2026 2:33:06 PM",
"476","18.55184","8/28/2026 2:33:06 PM","8/28/2026 2:33:06 PM",
"477","18.55129","8/28/2026 2:33:06 PM","8/28/2026 2:33:06 PM",
"478","18.55129","8/28/2026 2:33:06 PM","8/28/2026 2:33:06 PM",
"479","18.55015","8/28/2026 2:33:06 PM","8/28/2026 2:33:06 PM",
"480","18.55015","8/28/2026 2:33:06 PM","8/28/2026 2:33:06 PM",
"481","18.54891","8/28/2026 2:33:06 PM","8/28/2026 2:33:06 PM",
"482","18.54891","8/28/2026 2:33:06 PM","8/28/2026 2:33:06 PM",
"483","18.54927","8/28/2026 2:33:06 PM","8/28/2026 2:33:06 PM",
"484","18.54927","8/28/2026 2:33:06 PM","8/28/2026 2:33:06 PM",
"485","18.54939","8/28/2026 2:33:06 PM","8/28/2026 2:33:06 PM",
"486","18.54939","8/28/2026 2:33:06 PM","8/28/2026 2:33:06 PM",
"487","18.54864","8/28/2026 2:33:06 PM","8/28/2026 2:33:06 PM",
"488","18.54864","8/28/2026 2:33:06 PM","8/28/2026 2:33:06 PM",
"489","18.54949","8/28/2026 2:33:06 PM","8/28/2026 2:33:06 PM",
"490","18.54949","8/28/2026 2:33:06 PM","8/28/2026 2:33:06 PM",
"491","18.54826","8/28/2026 2:33:06 PM","8/28/2026 2:33:06 PM",
"492","18.54826","8/28/2026 2:33:06 PM","8/28/2026 2:33:06 PM",
"493","18.54827","8/28/2026 2:33:06 PM","8/28/2026 2:33:06 PM",
"494","18.54827","8/28/2026 2:33:06 PM","8/28/2026 2:33:06 PM",
"495","18.54814","8/28/2026 2:33:06 PM","8/28/2026 2:33:06 PM",
"496","18.54814","8/28/2026 2:33:06 PM","8/28/2026 2:33:06 PM",
"497","18.54827","8/28/2026 2:33:06 PM","8/28/2026 2:33:06 PM",
"498","18.54827","8/28/2026 2:33:06 PM","8/28/2026 2:33:06 PM",
"499","18.54624","8/28/2026 2:33:06 PM","8/28/2026 2:33:06 PM",
"500","18.54624","8/28/2026 2:33:06 PM","8/28/2026 2:33:06 PM",
"501","18.54641","8/28/2026 2:33:06 PM","8/28/2026 2:33:06 PM",
"502","18.54641","8/28/2026 2:33:06 PM","8/28/2026 2:33:06 PM",
"503","18.5473","8/28/2026 2:33:06 PM","8/28/2026 2:33:06 PM",
"504","18.5473","8/28/2026 2:33:06 PM","8/28/2026 2:33:06 PM",
"505","18.54687","8/28/2026 2:33:06 PM","8/28/2026 2:33:06 PM",
"506","18.54687","8/28/2026 2:33:06 PM","8/28/2026 2:33:06 PM",
"507","18.5471","8/28/2026 2:33:06 PM","8/28/2026 2:33:06 PM",
"508","18.5471","8/28/2026 2:33:06 PM","8/28/2026 2:33:06 PM",
"509","18.54703","8/28/2026 2:33:07 PM","8/28/2026 2:33:07 PM",
"510","18.54703","8/28/2026 2:33:07 PM","8/28/2026 2:33:07 PM",
"511","18.54644","8/28/2026 2:33:07 PM","8/28/2026 2:33:07 PM",
"512","18.54644","8/28/2026 2:33:07 PM","8/28/2026 2:33:07 PM",
"513","18.54735","8/28/2026 2:33:07 PM","8/28/2026 2:33:07 PM",
"514","18.54735","8/28/2026 2:33:07 PM","8/28/2026 2:33:07 PM",
"515","18.54633","8/28/2026 2:33:07 PM","8/28/2026 2:33:07 PM",
"516","18.54633","8/28/2026 2:33:07 PM","8/28/2026 2:33:07 PM",
"517","18.54479","8/28/2026 2:33:07 PM","8/28/2026 2:33:07 PM",
"518","18.54479","8/28/2026 2:33:07 PM","8/28/2026 2:33:07 PM",
"519","18.54485","8/28/2026 2:33:07 PM","8/28/2026 2:33:07 PM",
"520","18.54485","8/28/2026 2:33:07 PM","8/28/2026 2:33:07 PM",
"521","18.54558","8/28/2026 2:33:07 PM","8/28/2026 2:33:07 PM",
"522","18.54558","8/28/2026 2:33:07 PM","8/28/2026 2:33:07 PM",
"523","18.54482","8/28/2026 2:33:07 PM","8/28/2026 2:33:07 PM",
"524","18.54482","8/28/2026 2:33:07 PM","8/28/2026 2:33:07 PM",
"525","18.54541","8/28/2026 2:33:07 PM","8/28/2026 2:33:07 PM",
"526","18.54541","8/28/2026 2:33:07 PM","8/28/2026 2:33:07 PM",
"527","18.54467","8/28/2026 2:33:07 PM","8/28/2026 2:33:07 PM",
"528","18.54467","8/28/2026 2:33:07 PM","8/28/2026 2:33:07 PM",
"529","18.54463","8/28/2026 2:33:07 PM","8/28/2026 2:33:07 PM",
"530","18.54463","8/28/2026 2:33:07 PM","8/28/2026 2:33:07 PM",
"531","18.54423","8/28/2026 2:33:07 PM","8/28/2026 2:33:07 PM",
"532","18.54423","8/28/2026 2:33:07 PM","8/28/2026 2:33:07 PM",
"533","18.54382","8/28/2026 2:33:07 PM","8/28/2026 2:33:07 PM",
"534","18.54382","8/28/2026 2:33:07 PM","8/28/2026 2:33:07 PM",
"535","18.54359","8/28/2026 2:33:07 PM","8/28/2026 2:33:07 PM",
"536","18.54359","8/28/2026 2:33:07 PM","8/28/2026 2:33:07 PM",
"537","18.54331","8/28/2026 2:33:07 PM","8/28/2026 2:33:07 PM",
"538","18.54331","8/28/2026 2:33:07 PM","8/28/2026 2:33:07 PM",
"539","18.54307","8/28/2026 2:33:07 PM","8/28/2026 2:33:07 PM",
"540","18.54307","8/28/2026 2:33:07 PM","8/28/2026 2:33:07 PM",
"541","18.5431","8/28/2026 2:33:07 PM","8/28/2026 2:33:07 PM",
"542","18.5431","8/28/2026 2:33:07 PM","8/28/2026 2:33:07 PM",
"543","18.54348","8/28/2026 2:33:07 PM","8/28/2026 2:33:07 PM",
"544","18.54348","8/28/2026 2:33:07 PM","8/28/2026 2:33:07 PM",
"545","18.5426","8/28/2026 2:33:07 PM","8/28/2026 2:33:07 PM",
"546","18.5426","8/28/2026 2:33:07 PM","8/28/2026 2:33:07 PM",
"547","18.54218","8/28/2026 2:33:07 PM","8/28/2026 2:33:07 PM",
"548","18.54218","8/28/2026 2:33:07 PM","8/28/2026 2:33:07 PM",
"549","18.54193","8/28/2026 2:33:07 PM","8/28/2026 2:33:07 PM",
"550","18.54193","8/28/2026 2:33:07 PM","8/28/2026 2:33:07 PM",
"551","18.54226","8/28/2026 2:33:07 PM","8/28/2026 2:33:07 PM",
"552","18.54226","8/28/2026 2:33:07 PM","8/28/2026 2:33:07 PM",
"553","18.5424","8/28/2026 2:33:07 PM","8/28/2026 2:33:07 PM",
"554","18.5424","8/28/2026 2:33:07 PM","8/28/2026 2:33:07 PM",
"555","18.54077","8/28/2026 2:33:07 PM","8/28/2026 2:33:07 PM",
"556","18.54077","8/28/2026 2:33:07 PM","8/28/2026 2:33:07 PM",
"557","18.54118","8/28/2026 2:33:07 PM","8/28/2026 2:33:07 PM",
"558","18.54118","8/28/2026 2:33:07 PM","8/28/2026 2:33:07 PM",
"559","18.54182","8/28/2026 2:33:07 PM","8/28/2026 2:33:07 PM",
"560","18.54182","8/28/2026 2:33:07 PM","8/28/2026 2:33:07 PM",
"561","18.54191","8/28/2026 2:33:07 PM","8/28/2026 2:33:07 PM",
"562","18.54191","8/28/2026 2:33:07 PM","8/28/2026 2:33:07 PM",
"563","18.54116","8/28/2026 2:33:07 PM","8/28/2026 2:33:07 PM",
"564","18.54116","8/28/2026 2:33:07 PM","8/28/2026 2:33:07 PM",
"565","18.54054","8/28/2026 2:33:07 PM","8/28/2026 2:33:07 PM",
"566","18.54054","8/28/2026 2:33:07 PM","8/28/2026 2:33:07 PM",
"567","18.54052","8/28/2026 2:33:07 PM","8/28/2026 2:33:07 PM",
"568","18.54052","8/28/2026 2:33:07 PM","8/28/2026 2:33:07 PM",
"569","18.54137","8/28/2026 2:33:07 PM","8/28/2026 2:33:07 PM",
"570","18.54137","8/28/2026 2:33:07 PM","8/28/2026 2:33:07 PM",
"571","18.54021","8/28/2026 2:33:07 PM","8/28/2026 2:33:07 PM",
"572","18.54021","8/28/2026 2:33:07 PM","8/28/2026 2:33:07 PM",
"573","18.5393","8/28/2026 2:33:07 PM","8/28/2026 2:33:07 PM",
"574","18.5393","8/28/2026 2:33:07 PM","8/28/2026 2:33:07 PM",
"575","18.54004","8/28/2026 2:33:07 PM","8/28/2026 2:33:07 PM",
"576","18.54004","8/28/2026 2:33:07 PM","8/28/2026 2:33:07 PM",
"577","18.53994","8/28/2026 2:33:07 PM","8/28/2026 2:33:07 PM",
"578","18.53994","8/28/2026 2:33:07 PM","8/28/2026 2:33:07 PM",
"579","18.53943","8/28/2026 2:33:07 PM","8/28/2026 2:33:07 PM",
"580","18.53943","8/28/2026 2:33:07 PM","8/28/2026 2:33:07 PM",
"581","18.54018","8/28/2026 2:33:07 PM","8/28/2026 2:33:07 PM",
"582","18.54018","8/28/2026 2:33:07 PM","8/28/2026 2:33:07 PM",
"583","18.53978","8/28/2026 2:33:07 PM","8/28/2026 2:33:07 PM",
"584","18.53978","8/28/2026 2:33:07 PM","8/28/2026 2:33:07 PM",
"585","18.53901","8/28/2026 2:33:07 PM","8/28/2026 2:33:07 PM",
"586","18.53901","8/28/2026 2:33:07 PM","8/28/2026 2:33:07 PM",
"587","18.53807","8/28/2026 2:33:07 PM","8/28/2026 2:33:07 PM",
"588","18.53807","8/28/2026 2:33:07 PM","8/28/2026 2:33:07 PM",
"589","18.5385","8/28/2026 2:33:07 PM","8/28/2026 2:33:07 PM",
"590","18.5385","8/28/2026 2:33:07 PM","8/28/2026 2:33:07 PM",
"591","18.53792","8/28/2026 2:33:07 PM","8/28/2026 2:33:07 PM",
"592","18.53792","8/28/2026 2:33:07 PM","8/28/2026 2:33:07 PM",
"593","18.53924","8/28/2026 2:33:07 PM","8/28/2026 2:33:07 PM",
"594","18.53924","8/28/2026 2:33:07 PM","8/28/2026 2:33:07 PM",
"595","18.53924","8/28/2026 2:33:07 PM","8/28/2026 2:33:07 PM",
"596","18.53779","8/28/2026 2:33:07 PM","8/28/2026 2:33:07 PM",
"597","18.53779","8/28/2026 2:33:07 PM","8/28/2026 2:33:07 PM",
"598","18.53842","8/28/2026 2:33:07 PM","8/28/2026 2:33:07 PM",
"599","18.53842","8/28/2026 2:33:07 PM","8/28/2026 2:33:07 PM",
"600","18.53754","8/28/2026 2:33:07 PM","8/28/2026 2:33:07 PM",
"601","18.53754","8/28/2026 2:33:07 PM","8/28/2026 2:33:07 PM",
"602","18.53822","8/28/2026 2:33:07 PM","8/28/2026 2:33:07 PM",
"603","18.53822","8/28/2026 2:33:07 PM","8/28/2026 2:33:07 PM",
"604","18.5369","8/28/2026 2:33:07 PM","8/28/2026 2:33:07 PM",
"605","18.5369","8/28/2026 2:33:07 PM","8/28/2026 2:33:07 PM",
"606","18.53743","8/28/2026 2:33:07 PM","8/28/2026 2:33:07 PM",
"607","18.53743","8/28/2026 2:33:07 PM","8/28/2026 2:33:07 PM",
"608","18.53708","8/28/2026 2:33:07 PM","8/28/2026 2:33:07 PM",
"609","18.53708","8/28/2026 2:33:08 PM","8/28/2026 2:33:08 PM",
"610","18.53858","8/28/2026 2:33:08 PM","8/28/2026 2:33:08 PM",
"611","18.53858","8/28/2026 2:33:08 PM","8/28/2026 2:33:08 PM",
"612","18.53615","8/28/2026 2:33:08 PM","8/28/2026 2:33:08 PM",
"613","18.53615","8/28/2026 2:33:08 PM","8/28/2026 2:33:08 PM",
"614","18.53851","8/28/2026 2:33:08 PM","8/28/2026 2:33:08 PM",
"615","18.53851","8/28/2026 2:33:08 PM","8/28/2026 2:33:08 PM",
"616","18.53626","8/28/2026 2:33:08 PM","8/28/2026 2:33:08 PM",
"617","18.53626","8/28/2026 2:33:08 PM","8/28/2026 2:33:08 PM",
"618","18.53874","8/28/2026 2:33:08 PM","8/28/2026 2:33:08 PM",
"619","18.53874","8/28/2026 2:33:08 PM","8/28/2026 2:33:08 PM",
"620","18.53629","8/28/2026 2:33:08 PM","8/28/2026 2:33:08 PM",
"621","18.53629","8/28/2026 2:33:08 PM","8/28/2026 2:33:08 PM",
"622","18.5369","8/28/2026 2:33:08 PM","8/28/2026 2:33:08 PM",
"623","18.5369","8/28/2026 2:33:08 PM","8/28/2026 2:33:08 PM",
"624","18.53533","8/28/2026 2:33:08 PM","8/28/2026 2:33:08 PM",
"625","18.53533","8/28/2026 2:33:08 PM","8/28/2026 2:33:08 PM",
"626","18.53779","8/28/2026 2:33:08 PM","8/28/2026 2:33:08 PM",
"627","18.53779","8/28/2026 2:33:08 PM","8/28/2026 2:33:08 PM",
"628","18.53683","8/28/2026 2:33:08 PM","8/28/2026 2:33:08 PM",
"629","18.53683","8/28/2026 2:33:08 PM","8/28/2026 2:33:08 PM",
"630","18.53735","8/28/2026 2:33:08 PM","8/28/2026 2:33:08 PM",
"631","18.53735","8/28/2026 2:33:08 PM","8/28/2026 2:33:08 PM",
"632","18.53529","8/28/2026 2:33:08 PM","8/28/2026 2:33:08 PM",
"633","18.53529","8/28/2026 2:33:08 PM","8/28/2026 2:33:08 PM",
"634","18.53553","8/28/2026 2:33:08 PM","8/28/2026 2:33:08 PM",
"635","18.53553","8/28/2026 2:33:08 PM","8/28/2026 2:33:08 PM",
"636","18.53562","8/28/2026 2:33:08 PM","8/28/2026 2:33:08 PM",
"637","18.53562","8/28/2026 2:33:08 PM","8/28/2026 2:33:08 PM",
"638","18.53531","8/28/2026 2:33:08 PM","8/28/2026 2:33:08 PM",
"639","18.53531","8/28/2026 2:33:08 PM","8/28/2026 2:33:08 PM",
"640","18.5356","8/28/2026 2:33:08 PM","8/28/2026 2:33:08 PM",
"641","18.5356","8/28/2026 2:33:08 PM","8/28/2026 2:33:08 PM",
"642","18.53461","8/28/2026 2:33:08 PM","8/28/2026 2:33:08 PM",
"643","18.53461","8/28/2026 2:33:08 PM","8/28/2026 2:33:08 PM",
"644","18.53509","8/28/2026 2:33:08 PM","8/28/2026 2:33:08 PM",
"645","18.53509","8/28/2026 2:33:08 PM","8/28/2026 2:33:08 PM",
"646","18.53488","8/28/2026 2:33:08 PM","8/28/2026 2:33:08 PM",
"647","18.53488","8/28/2026 2:33:08 PM","8/28/2026 2:33:08 PM",
"648","18.53531","8/28/2026 2:33:08 PM","8/28/2026 2:33:08 PM",
"649","18.53531","8/28/2026 2:33:08 PM","8/28/2026 2:33:08 PM",
"650","18.53449","8/28/2026 2:33:08 PM","8/28/2026 2:33:08 PM",
"651","18.53449","8/28/2026 2:33:08 PM","8/28/2026 2:33:08 PM",
"652","18.53524","8/28/2026 2:33:08 PM","8/28/2026 2:33:08 PM",
"653","18.53524","8/28/2026 2:33:08 PM","8/28/2026 2:33:08 PM",
"654","18.53487","8/28/2026 2:33:08 PM","8/28/2026 2:33:08 PM",
"655","18.53487","8/28/2026 2:33:08 PM","8/28/2026 2:33:08 PM",
"656","18.53479","8/28/2026 2:33:08 PM","8/28/2026 2:33:08 PM",
"657","18.53479","8/28/2026 2:33:08 PM","8/28/2026 2:33:08 PM",
"658","18.53394","8/28/2026 2:33:08 PM","8/28/2026 2:33:08 PM",
"659","18.53394","8/28/2026 2:33:08 PM","8/28/2026 2:33:08 PM",
"660","18.53422","8/28/2026 2:33:08 PM","8/28/2026 2:33:08 PM",
"661","18.53422","8/28/2026 2:33:08 PM","8/28/2026 2:33:08 PM",
"662","18.53373","8/28/2026 2:33:08 PM","8/28/2026 2:33:08 PM",
"663","18.53373","8/28/2026 2:33:08 PM","8/28/2026 2:33:08 PM",
"664","18.53515","8/28/2026 2:33:08 PM","8/28/2026 2:33:08 PM",
"665","18.53515","8/28/2026 2:33:08 PM","8/28/2026 2:33:08 PM",
"666","18.53442","8/28/2026 2:33:08 PM","8/28/2026 2:33:08 PM",
"667","18.53442","8/28/2026 2:33:08 PM","8/28/2026 2:33:08 PM",
"668","18.53369","8/28/2026 2:33:08 PM","8/28/2026 2:33:08 PM",
"669","18.53369","8/28/2026 2:33:08 PM","8/28/2026 2:33:08 PM",
"670","18.53278","8/28/2026 2:33:08 PM","8/28/2026 2:33:08 PM",
"671","18.53278","8/28/2026 2:33:08 PM","8/28/2026 2:33:08 PM",
"672","18.53445","8/28/2026 2:33:08 PM","8/28/2026 2:33:08 PM",
"673","18.53445","8/28/2026 2:33:08 PM","8/28/2026 2:33:08 PM",
"674","18.53339","8/28/2026 2:33:08 PM","8/28/2026 2:33:08 PM",
"675","18.53339","8/28/2026 2:33:08 PM","8/28/2026 2:33:08 PM",
"676","18.53381","8/28/2026 2:33:08 PM","8/28/2026 2:33:08 PM",
"677","18.53381","8/28/2026 2:33:08 PM","8/28/2026 2:33:08 PM",
"678","18.53282","8/28/2026 2:33:08 PM","8/28/2026 2:33:08 PM",
"679","18.53282","8/28/2026 2:33:08 PM","8/28/2026 2:33:08 PM",
"680","18.5331","8/28/2026 2:33:08 PM","8/28/2026 2:33:08 PM",
"681","18.5331","8/28/2026 2:33:08 PM","8/28/2026 2:33:08 PM",
"682","18.5326","8/28/2026 2:33:08 PM","8/28/2026 2:33:08 PM",
"683","18.5326","8/28/2026 2:33:08 PM","8/28/2026 2:33:08 PM",
"684","18.53288","8/28/2026 2:33:08 PM","8/28/2026 2:33:08 PM",
"685","18.53288","8/28/2026 2:33:08 PM","8/28/2026 2:33:08 PM",
"686","18.53216","8/28/2026 2:33:08 PM","8/28/2026 2:33:08 PM",
"687","18.53216","8/28/2026 2:33:08 PM","8/28/2026 2:33:08 PM",
"688","18.53232","8/28/2026 2:33:08 PM","8/28/2026 2:33:08 PM",
"689","18.53232","8/28/2026 2:33:08 PM","8/28/2026 2:33:08 PM",
"690","18.53182","8/28/2026 2:33:08 PM","8/28/2026 2:33:08 PM",
"691","18.53182","8/28/2026 2:33:08 PM","8/28/2026 2:33:08 PM",
"692","18.53123","8/28/2026 2:33:08 PM","8/28/2026 2:33:08 PM",
"693","18.53123","8/28/2026 2:33:08 PM","8/28/2026 2:33:08 PM",
"694","18.53226","8/28/2026 2:33:08 PM","8/28/2026 2:33:08 PM",
"695","18.53226","8/28/2026 2:33:08 PM","8/28/2026 2:33:08 PM",
"696","18.53264","8/28/2026 2:33:08 PM","8/28/2026 2:33:08 PM",
"697","18.53264","8/28/2026 2:33:08 PM","8/28/2026 2:33:08 PM",
"698","18.533","8/28/2026 2:33:08 PM","8/28/2026 2:33:08 PM",
"699","18.533","8/28/2026 2:33:08 PM","8/28/2026 2:33:08 PM",
"700","18.53201","8/28/2026 2:33:08 PM","8/28/2026 2:33:08 PM",
"701","18.53201","8/28/2026 2:33:08 PM","8/28/2026 2:33:08 PM",
"702","18.53181","8/28/2026 2:33:08 PM","8/28/2026 2:33:08 PM",
"703","18.53181","8/28/2026 2:33:08 PM","8/28/2026 2:33:08 PM",
"704","18.53001","8/28/2026 2:33:08 PM","8/28/2026 2:33:08 PM",
"705","18.53001","8/28/2026 2:33:08 PM","8/28/2026 2:33:08 PM",
"706","18.531","8/28/2026 2:33:08 PM","8/28/2026 2:33:08 PM",
"707","18.531","8/28/2026 2:33:08 PM","8/28/2026 2:33:08 PM",
"708","18.53096","8/28/2026 2:33:08 PM","8/28/2026 2:33:08 PM",
"709","18.53096","8/28/2026 2:33:09 PM","8/28/2026 2:33:09 PM",
"710","18.53047","8/28/2026 2:33:09 PM","8/28/2026 2:33:09 PM",
"711","18.53047","8/28/2026 2:33:09 PM","8/28/2026 2:33:09 PM",
"712","18.53058","8/28/2026 2:33:09 PM","8/28/2026 2:33:09 PM",
"713","18.53058","8/28/2026 2:33:09 PM","8/28/2026 2:33:09 PM",
"714","18.53026","8/28/2026 2:33:09 PM","8/28/2026 2:33:09 PM",
"715","18.53026","8/28/2026 2:33:09 PM","8/28/2026 2:33:09 PM",
"716","18.53023","8/28/2026 2:33:09 PM","8/28/2026 2:33:09 PM",
"717","18.53023","8/28/2026 2:33:09 PM","8/28/2026 2:33:09 PM",
"718","18.52958","8/28/2026 2:33:09 PM","8/28/2026 2:33:09 PM",
"719","18.52958","8/28/2026 2:33:09 PM","8/28/2026 2:33:09 PM",
"720","18.52924","8/28/2026 2:33:09 PM","8/28/2026 2:33:09 PM",
"721","18.52924","8/28/2026 2:33:09 PM","8/28/2026 2:33:09 PM",
"722","18.52928","8/28/2026 2:33:09 PM","8/28/2026 2:33:09 PM",
"723","18.52928","8/28/2026 2:33:09 PM","8/28/2026 2:33:09 PM",
"724","18.52764","8/28/2026 2:33:09 PM","8/28/2026 2:33:09 PM",
"725","18.52764","8/28/2026 2:33:09 PM","8/28/2026 2:33:09 PM",
"726","18.52781","8/28/2026 2:33:09 PM","8/28/2026 2:33:09 PM",
"727","18.52781","8/28/2026 2:33:09 PM","8/28/2026 2:33:09 PM",
"728","18.52763","8/28/2026 2:33:09 PM","8/28/2026 2:33:09 PM",
"729","18.52763","8/28/2026 2:33:09 PM","8/28/2026 2:33:09 PM",
"730","18.52741","8/28/2026 2:33:09 PM","8/28/2026 2:33:09 PM",
"731","18.52741","8/28/2026 2:33:09 PM","8/28/2026 2:33:09 PM",
"732","18.5273","8/28/2026 2:33:09 PM","8/28/2026 2:33:09 PM",
"733","18.5273","8/28/2026 2:33:09 PM","8/28/2026 2:33:09 PM",
"734","18.52707","8/28/2026 2:33:09 PM","8/28/2026 2:33:09 PM",
"735","18.52707","8/28/2026 2:33:09 PM","8/28/2026 2:33:09 PM",
"736","18.52706","8/28/2026 2:33:09 PM","8/28/2026 2:33:09 PM",
"737","18.52706","8/28/2026 2:33:09 PM","8/28/2026 2:33:09 PM",
"738","18.52678","8/28/2026 2:33:09 PM","8/28/2026 2:33:09 PM",
"739","18.52678","8/28/2026 2:33:09 PM","8/28/2026 2:33:09 PM",
"740","18.52613","8/28/2026 2:33:09 PM","8/28/2026 2:33:09 PM",
"741","18.52613","8/28/2026 2:33:09 PM","8/28/2026 2:33:09 PM",
"742","18.52563","8/28/2026 2:33:09 PM","8/28/2026 2:33:09 PM",
"743","18.52563","8/28/2026 2:33:09 PM","8/28/2026 2:33:09 PM",
"744","18.5257","8/28/2026 2:33:09 PM","8/28/2026 2:33:09 PM",
"745","18.5257","8/28/2026 2:33:09 PM","8/28/2026 2:33:09 PM",
"746","18.525","8/28/2026 2:33:09 PM","8/28/2026 2:33:09 PM",
"747","18.525","8/28/2026 2:33:09 PM","8/28/2026 2:33:09 PM",
"748","18.52475","8/28/2026 2:33:09 PM","8/28/2026 2:33:09 PM",
"749","18.52475","8/28/2026 2:33:09 PM","8/28/2026 2:33:09 PM",
"750","18.52479","8/28/2026 2:33:09 PM","8/28/2026 2:33:09 PM",
"751","18.52479","8/28/2026 2:33:09 PM","8/28/2026 2:33:09 PM",
"752","18.52504","8/28/2026 2:33:09 PM","8/28/2026 2:33:09 PM",
"753","18.52504","8/28/2026 2:33:09 PM","8/28/2026 2:33:09 PM",
"754","18.52392","8/28/2026 2:33:09 PM","8/28/2026 2:33:09 PM",
"755","18.52392","8/28/2026 2:33:09 PM","8/28/2026 2:33:09 PM",
"756","18.52355","8/28/2026 2:33:09 PM","8/28/2026 2:33:09 PM",
"757","18.52355","8/28/2026 2:33:09 PM","8/28/2026 2:33:09 PM",
"758","18.52282","8/28/2026 2:33:09 PM","8/28/2026 2:33:09 PM",
"759","18.52282","8/28/2026 2:33:09 PM","8/28/2026 2:33:09 PM",
"760","18.52304","8/28/2026 2:33:09 PM","8/28/2026 2:33:09 PM",
"761","18.52304","8/28/2026 2:33:09 PM","8/28/2026 2:33:09 PM",
"762","18.523","8/28/2026 2:33:09 PM","8/28/2026 2:33:09 PM",
"763","18.523","8/28/2026 2:33:09 PM","8/28/2026 2:33:09 PM",
"764","18.52286","8/28/2026 2:33:09 PM","8/28/2026 2:33:09 PM",
"765","18.52286","8/28/2026 2:33:09 PM","8/28/2026 2:33:09 PM",
"766","18.52179","8/28/2026 2:33:09 PM","8/28/2026 2:33:09 PM",
"767","18.52179","8/28/2026 2:33:09 PM","8/28/2026 2:33:09 PM",
"768","18.52236","8/28/2026 2:33:09 PM","8/28/2026 2:33:09 PM",
"769","18.52236","8/28/2026 2:33:09 PM","8/28/2026 2:33:09 PM",
"770","18.52168","8/28/2026 2:33:09 PM","8/28/2026 2:33:09 PM",
"771","18.52168","8/28/2026 2:33:09 PM","8/28/2026 2:33:09 PM",
"772","18.52168","8/28/2026 2:33:09 PM","8/28/2026 2:33:09 PM",
"773","18.52168","8/28/2026 2:33:09 PM","8/28/2026 2:33:09 PM",
"774","18.52154","8/28/2026 2:33:09 PM","8/28/2026 2:33:09 PM",
"775","18.52154","8/28/2026 2:33:09 PM","8/28/2026 2:33:09 PM",
"776","18.52034","8/28/2026 2:33:09 PM","8/28/2026 2:33:09 PM",
"777","18.52034","8/28/2026 2:33:09 PM","8/28/2026 2:33:09 PM",
"778","18.52114","8/28/2026 2:33:09 PM","8/28/2026 2:33:09 PM",
"779","18.52114","8/28/2026 2:33:09 PM","8/28/2026 2:33:09 PM",
"780","18.52088","8/28/2026 2:33:09 PM","8/28/2026 2:33:09 PM",
"781","18.52088","8/28/2026 2:33:09 PM","8/28/2026 2:33:09 PM",
"782","18.52029","8/28/2026 2:33:09 PM","8/28/2026 2:33:09 PM",
"783","18.52029","8/28/2026 2:33:09 PM","8/28/2026 2:33:09 PM",
"784","18.51964","8/28/2026 2:33:09 PM","8/28/2026 2:33:09 PM",
"785","18.51964","8/28/2026 2:33:09 PM","8/28/2026 2:33:09 PM",
"786","18.52009","8/28/2026 2:33:09 PM","8/28/2026 2:33:09 PM",
"787","18.52009","8/28/2026 2:33:09 PM","8/28/2026 2:33:09 PM",
"788","18.51975","8/28/2026 2:33:09 PM","8/28/2026 2:33:09 PM",
"789","18.51975","8/28/2026 2:33:09 PM","8/28/2026 2:33:09 PM",
"790","18.51942","8/28/2026 2:33:09 PM","8/28/2026 2:33:09 PM",
"791","18.51942","8/28/2026 2:33:09 PM","8/28/2026 2:33:09 PM",
"792","18.51804","8/28/2026 2:33:09 PM","8/28/2026 2:33:09 PM",
"793","18.51804","8/28/2026 2:33:09 PM","8/28/2026 2:33:09 PM",
"794","18.51804","8/28/2026 2:33:09 PM","8/28/2026 2:33:09 PM",
"795","18.51817","8/28/2026 2:33:09 PM","8/28/2026 2:33:09 PM",
"796","18.51817","8/28/2026 2:33:09 PM","8/28/2026 2:33:09 PM",
"797","18.51806","8/28/2026 2:33:09 PM","8/28/2026 2:33:09 PM",
"798","18.51806","8/28/2026 2:33:09 PM","8/28/2026 2:33:09 PM",
"799","18.51807","8/28/2026 2:33:09 PM","8/28/2026 2:33:09 PM",
"800","18.51807","8/28/2026 2:33:09 PM","8/28/2026 2:33:09 PM",
"801","18.51781","8/28/2026 2:33:09 PM","8/28/2026 2:33:09 PM",
"802","18.51781","8/28/2026 2:33:09 PM","8/28/2026 2:33:09 PM",
"803","18.51691","8/28/2026 2:33:09 PM","8/28/2026 2:33:09 PM",
"804","18.51691","8/28/2026 2:33:09 PM","8/28/2026 2:33:09 PM",
"805","18.51621","8/28/2026 2:33:09 PM","8/28/2026 2:33:09 PM",
"806","18.51621","8/28/2026 2:33:09 PM","8/28/2026 2:33:09 PM",
"807","18.51703","8/28/2026 2:33:09 PM","8/28/2026 2:33:09 PM",
"808","18.51703","8/28/2026 2:33:09 PM","8/28/2026 2:33:09 PM",
"809","18.51723","8/28/2026 2:33:10 PM","8/28/2026 2:33:10 PM",
"810","18.51723","8/28/2026 2:33:10 PM","8/28/2026 2:33:10 PM",
"811","18.51618","8/28/2026 2:33:10 PM","8/28/2026 2:33:10 PM",
"812","18.51618","8/28/2026 2:33:10 PM","8/28/2026 2:33:10 PM",
"813","18.51773","8/28/2026 2:33:10 PM","8/28/2026 2:33:10 PM",
"814","18.51773","8/28/2026 2:33:10 PM","8/28/2026 2:33:10 PM",
"815","18.5157","8/28/2026 2:33:10 PM","8/28/2026 2:33:10 PM",
"816","18.5157","8/28/2026 2:33:10 PM","8/28/2026 2:33:10 PM",
"817","18.51485","8/28/2026 2:33:10 PM","8/28/2026 2:33:10 PM",
"818","18.51485","8/28/2026 2:33:10 PM","8/28/2026 2:33:10 PM",
"819","18.51586","8/28/2026 2:33:10 PM","8/28/2026 2:33:10 PM",
"820","18.51586","8/28/2026 2:33:10 PM","8/28/2026 2:33:10 PM",
"821","18.51464","8/28/2026 2:33:10 PM","8/28/2026 2:33:10 PM",
"822","18.51464","8/28/2026 2:33:10 PM","8/28/2026 2:33:10 PM",
"823","18.51603","8/28/2026 2:33:10 PM","8/28/2026 2:33:10 PM",
"824","18.51603","8/28/2026 2:33:10 PM","8/28/2026 2:33:10 PM",
"825","18.51506","8/28/2026 2:33:10 PM","8/28/2026 2:33:10 PM",
"826","18.51506","8/28/2026 2:33:10 PM","8/28/2026 2:33:10 PM",
"827","18.51599","8/28/2026 2:33:10 PM","8/28/2026 2:33:10 PM",
"828","18.51599","8/28/2026 2:33:10 PM","8/28/2026 2:33:10 PM",
"829","18.51398","8/28/2026 2:33:10 PM","8/28/2026 2:33:10 PM",
"830","18.51398","8/28/2026 2:33:10 PM","8/28/2026 2:33:10 PM",
"831","18.51478","8/28/2026 2:33:10 PM","8/28/2026 2:33:10 PM",
"832","18.51478","8/28/2026 2:33:10 PM","8/28/2026 2:33:10 PM",
"833","18.51304","8/28/2026 2:33:10 PM","8/28/2026 2:33:10 PM",
"834","18.51304","8/28/2026 2:33:10 PM","8/28/2026 2:33:10 PM",
"835","18.51431","8/28/2026 2:33:10 PM","8/28/2026 2:33:10 PM",
"836","18.51431","8/28/2026 2:33:10 PM","8/28/2026 2:33:10 PM",
"837","18.51346","8/28/2026 2:33:10 PM","8/28/2026 2:33:10 PM",
"838","18.51346","8/28/2026 2:33:10 PM","8/28/2026 2:33:10 PM",
"839","18.51342","8/28/2026 2:33:10 PM","8/28/2026 2:33:10 PM",
"840","18.51342","8/28/2026 2:33:10 PM","8/28/2026 2:33:10 PM",
"841","18.51127","8/28/2026 2:33:10 PM","8/28/2026 2:33:10 PM",
"842","18.51127","8/28/2026 2:33:10 PM","8/28/2026 2:33:10 PM",
"843","18.51306","8/28/2026 2:33:10 PM","8/28/2026 2:33:10 PM",
"844","18.51306","8/28/2026 2:33:10 PM","8/28/2026 2:33:10 PM",
"845","18.51256","8/28/2026 2:33:10 PM","8/28/2026 2:33:10 PM",
"846","18.51256","8/28/2026 2:33:10 PM","8/28/2026 2:33:10 PM",
"847","18.51374","8/28/2026 2:33:10 PM","8/28/2026 2:33:10 PM",
"848","18.51374","8/28/2026 2:33:10 PM","8/28/2026 2:33:10 PM",
"849","18.51149","8/28/2026 2:33:10 PM","8/28/2026 2:33:10 PM",
"850","18.51149","8/28/2026 2:33:10 PM","8/28/2026 2:33:10 PM",
"851","18.51276","8/28/2026 2:33:10 PM","8/28/2026 2:33:10 PM",
"852","18.51276","8/28/2026 2:33:10 PM","8/28/2026 2:33:10 PM",
"853","18.5117","8/28/2026 2:33:10 PM","8/28/2026 2:33:10 PM",
"854","18.5117","8/28/2026 2:33:10 PM","8/28/2026 2:33:10 PM",
"855","18.51187","8/28/2026 2:33:10 PM","8/28/2026 2:33:10 PM",
"856","18.51187","8/28/2026 2:33:10 PM","8/28/2026 2:33:10 PM",
"857","18.51105","8/28/2026 2:33:10 PM","8/28/2026 2:33:10 PM",
"858","18.51105","8/28/2026 2:33:10 PM","8/28/2026 2:33:10 PM",
"859","18.51296","8/28/2026 2:33:10 PM","8/28/2026 2:33:10 PM",
"860","18.51296","8/28/2026 2:33:10 PM","8/28/2026 2:33:10 PM",
"861","18.51032","8/28/2026 2:33:10 PM","8/28/2026 2:33:10 PM",
"862","18.51032","8/28/2026 2:33:10 PM","8/28/2026 2:33:10 PM",
"863","18.51145","8/28/2026 2:33:10 PM","8/28/2026 2:33:10 PM",
"864","18.51145","8/28/2026 2:33:10 PM","8/28/2026 2:33:10 PM",
"865","18.50967","8/28/2026 2:33:10 PM","8/28/2026 2:33:10 PM",
"866","18.50967","8/28/2026 2:33:10 PM","8/28/2026 2:33:10 PM",
"867","18.51015","8/28/2026 2:33:10 PM","8/28/2026 2:33:10 PM",
"868","18.51015","8/28/2026 2:33:10 PM","8/28/2026 2:33:10 PM",
"869","18.50868","8/28/2026 2:33:10 PM","8/28/2026 2:33:10 PM",
"870","18.50868","8/28/2026 2:33:10 PM","8/28/2026 2:33:10 PM",
"871","18.50953","8/28/2026 2:33:10 PM","8/28/2026 2:33:10 PM",
"872","18.50953","8/28/2026 2:33:10 PM","8/28/2026 2:33:10 PM",
"873","18.50961","8/28/2026 2:33:10 PM","8/28/2026 2:33:10 PM",
"874","18.50961","8/28/2026 2:33:10 PM","8/28/2026 2:33:10 PM",
"875","18.5098","8/28/2026 2:33:10 PM","8/28/2026 2:33:10 PM",
"876","18.5098","8/28/2026 2:33:10 PM","8/28/2026 2:33:10 PM",
"877","18.50931","8/28/2026 2:33:10 PM","8/28/2026 2:33:10 PM",
"878","18.50931","8/28/2026 2:33:10 PM","8/28/2026 2:33:10 PM",
"879","18.50961","8/28/2026 2:33:10 PM","8/28/2026 2:33:10 PM",
"880","18.50961","8/28/2026 2:33:10 PM","8/28/2026 2:33:10 PM",
"881","18.50941","8/28/2026 2:33:10 PM","8/28/2026 2:33:10 PM",
"882","18.50941","8/28/2026 2:33:10 PM","8/28/2026 2:33:10 PM",
"883","18.50912","8/28/2026 2:33:10 PM","8/28/2026 2:33:10 PM",
"884","18.50912","8/28/2026 2:33:10 PM","8/28/2026 2:33:10 PM",
"885","18.5091","8/28/2026 2:33:10 PM","8/28/2026 2:33:10 PM",
"886","18.5091","8/28/2026 2:33:10 PM","8/28/2026 2:33:10 PM",
"887","18.50837","8/28/2026 2:33:10 PM","8/28/2026 2:33:10 PM",
"888","18.50837","8/28/2026 2:33:10 PM","8/28/2026 2:33:10 PM",
"889","18.50881","8/28/2026 2:33:10 PM","8/28/2026 2:33:10 PM",
"890","18.50881","8/28/2026 2:33:10 PM","8/28/2026 2:33:10 PM",
"891","18.5092","8/28/2026 2:33:10 PM","8/28/2026 2:33:10 PM",
"892","18.5092","8/28/2026 2:33:10 PM","8/28/2026 2:33:10 PM",
"893","18.50831","8/28/2026 2:33:10 PM","8/28/2026 2:33:10 PM",
"894","18.50831","8/28/2026 2:33:10 PM","8/28/2026 2:33:10 PM",
"895","18.50813","8/28/2026 2:33:10 PM","8/28/2026 2:33:10 PM",
"896","18.50813","8/28/2026 2:33:10 PM","8/28/2026 2:33:10 PM",
"897","18.50817","8/28/2026 2:33:10 PM","8/28/2026 2:33:10 PM",
"898","18.50817","8/28/2026 2:33:10 PM","8/28/2026 2:33:10 PM",
"899","18.50736","8/28/2026 2:33:10 PM","8/28/2026 2:33:10 PM",
"900","18.50736","8/28/2026 2:33:10 PM","8/28/2026 2:33:10 PM",
"901","18.50714","8/28/2026 2:33:10 PM","8/28/2026 2:33:10 PM",
"902","18.50714","8/28/2026 2:33:10 PM","8/28/2026 2:33:10 PM",
"903","18.50605","8/28/2026 2:33:10 PM","8/28/2026 2:33:10 PM",
"904","18.50605","8/28/2026 2:33:10 PM","8/28/2026 2:33:10 PM",
"905","18.50672","8/28/2026 2:33:10 PM","8/28/2026 2:33:10 PM",
"906","18.50672","8/28/2026 2:33:10 PM","8/28/2026 2:33:10 PM",
"907","18.50617","8/28/2026 2:33:10 PM","8/28/2026 2:33:10 PM",
"908","18.50617","8/28/2026 2:33:10 PM","8/28/2026 2:33:10 PM",
"909","18.50737","8/28/2026 2:33:11 PM","8/28/2026 2:33:11 PM",
"910","18.50737","8/28/2026 2:33:11 PM","8/28/2026 2:33:11 PM",
"911","18.50669","8/28/2026 2:33:11 PM","8/28/2026 2:33:11 PM",
"912","18.50669","8/28/2026 2:33:11 PM","8/28/2026 2:33:11 PM",
"913","18.5055","8/28/2026 2:33:11 PM","8/28/2026 2:33:11 PM",
"914","18.5055","8/28/2026 2:33:11 PM","8/28/2026 2:33:11 PM",
"915","18.50632","8/28/2026 2:33:11 PM","8/28/2026 2:33:11 PM",
"916","18.50632","8/28/2026 2:33:11 PM","8/28/2026 2:33:11 PM",
"917","18.50655","8/28/2026 2:33:11 PM","8/28/2026 2:33:11 PM",
"918","18.50655","8/28/2026 2:33:11 PM","8/28/2026 2:33:11 PM",
"919","18.50691","8/28/2026 2:33:11 PM","8/28/2026 2:33:11 PM",
"920","18.50691","8/28/2026 2:33:11 PM","8/28/2026 2:33:11 PM",
"921","18.50632","8/28/2026 2:33:11 PM","8/28/2026 2:33:11 PM",
"922","18.50632","8/28/2026 2:33:11 PM","8/28/2026 2:33:11 PM",
"923","18.50687","8/28/2026 2:33:11 PM","8/28/2026 2:33:11 PM",
"924","18.50687","8/28/2026 2:33:11 PM","8/28/2026 2:33:11 PM",
"925","18.50566","8/28/2026 2:33:11 PM","8/28/2026 2:33:11 PM",
"926","18.50566","8/28/2026 2:33:11 PM","8/28/2026 2:33:11 PM",
"927","18.5065","8/28/2026 2:33:11 PM","8/28/2026 2:33:11 PM",
"928","18.5065","8/28/2026 2:33:11 PM","8/28/2026 2:33:11 PM",
"929","18.50544","8/28/2026 2:33:11 PM","8/28/2026 2:33:11 PM",
"930","18.50544","8/28/2026 2:33:11 PM","8/28/2026 2:33:11 PM",
"931","18.50372","8/28/2026 2:33:11 PM","8/28/2026 2:33:11 PM",
"932","18.50372","8/28/2026 2:33:11 PM","8/28/2026 2:33:11 PM",
"933","18.50323","8/28/2026 2:33:11 PM","8/28/2026 2:33:11 PM",
"934","18.50323","8/28/2026 2:33:11 PM","8/28/2026 2:33:11 PM",
"935","18.50497","8/28/2026 2:33:11 PM","8/28/2026 2:33:11 PM",
"936","18.50497","8/28/2026 2:33:11 PM","8/28/2026 2:33:11 PM",
"937","18.50358","8/28/2026 2:33:11 PM","8/28/2026 2:33:11 PM",
"938","18.50358","8/28/2026 2:33:11 PM","8/28/2026 2:33:11 PM",
"939","18.50394","8/28/2026 2:33:11 PM","8/28/2026 2:33:11 PM",
"940","18.50394","8/28/2026 2:33:11 PM","8/28/2026 2:33:11 PM",
"941","18.50361","8/28/2026 2:33:11 PM","8/28/2026 2:33:11 PM",
"942","18.50361","8/28/2026 2:33:11 PM","8/28/2026 2:33:11 PM",
"943","18.50344","8/28/2026 2:33:11 PM","8/28/2026 2:33:11 PM",
"944","18.50344","8/28/2026 2:33:11 PM","8/28/2026 2:33:11 PM",
"945","18.5027","8/28/2026 2:33:11 PM","8/28/2026 2:33:11 PM",
"946","18.5027","8/28/2026 2:33:11 PM","8/28/2026 2:33:11 PM",
"947","18.50314","8/28/2026 2:33:11 PM","8/28/2026 2:33:11 PM",
"948","18.50314","8/28/2026 2:33:11 PM","8/28/2026 2:33:11 PM",
"949","18.50291","8/28/2026 2:33:11 PM","8/28/2026 2:33:11 PM",
"950","18.50291","8/28/2026 2:33:11 PM","8/28/2026 2:33:11 PM",
"951","18.50352","8/28/2026 2:33:11 PM","8/28/2026 2:33:11 PM",
"952","18.50352","8/28/2026 2:33:11 PM","8/28/2026 2:33:11 PM",
"953","18.50246","8/28/2026 2:33:11 PM","8/28/2026 2:33:11 PM",
"954","18.50246","8/28/2026 2:33:11 PM","8/28/2026 2:33:11 PM",
"955","18.50374","8/28/2026 2:33:11 PM","8/28/2026 2:33:11 PM",
"956","18.50374","8/28/2026 2:33:11 PM","8/28/2026 2:33:11 PM",
"957","18.50277","8/28/2026 2:33:11 PM","8/28/2026 2:33:11 PM",
"958","18.50277","8/28/2026 2:33:11 PM","8/28/2026 2:33:11 PM",
"959","18.50209","8/28/2026 2:33:11 PM","8/28/2026 2:33:11 PM",
"960","18.50209","8/28/2026 2:33:11 PM","8/28/2026 2:33:11 PM",
"961","18.50095","8/28/2026 2:33:11 PM","8/28/2026 2:33:11 PM",
"962","18.50095","8/28/2026 2:33:11 PM","8/28/2026 2:33:11 PM",
"963","18.50124","8/28/2026 2:33:11 PM","8/28/2026 2:33:11 PM",
"964","18.50124","8/28/2026 2:33:11 PM","8/28/2026 2:33:11 PM",
"965","18.5005","8/28/2026 2:33:11 PM","8/28/2026 2:33:11 PM",
"966","18.5005","8/28/2026 2:33:11 PM","8/28/2026 2:33:11 PM",
"967","18.50092","8/28/2026 2:33:11 PM","8/28/2026 2:33:11 PM",
"968","18.50092","8/28/2026 2:33:11 PM","8/28/2026 2:33:11 PM",
"969","18.50145","8/28/2026 2:33:11 PM","8/28/2026 2:33:11 PM",
"970","18.50145","8/28/2026 2:33:11 PM","8/28/2026 2:33:11 PM",
"971","18.50113","8/28/2026 2:33:11 PM","8/28/2026 2:33:11 PM",
"972","18.50113","8/28/2026 2:33:11 PM","8/28/2026 2:33:11 PM",
"973","18.50053","8/28/2026 2:33:11 PM","8/28/2026 2:33:11 PM",
"974","18.50053","8/28/2026 2:33:11 PM","8/28/2026 2:33:11 PM",
"975","18.50168","8/28/2026 2:33:11 PM","8/28/2026 2:33:11 PM",
"976","18.50168","8/28/2026 2:33:11 PM","8/28/2026 2:33:11 PM",
"977","18.5032","8/28/2026 2:33:11 PM","8/28/2026 2:33:11 PM",
"978","18.5032","8/28/2026 2:33:11 PM","8/28/2026 2:33:11 PM",
"979","18.50258","8/28/2026 2:33:11 PM","8/28/2026 2:33:11 PM",
"980","18.50258","8/28/2026 2:33:11 PM","8/28/2026 2:33:11 PM",
"981","18.50296","8/28/2026 2:33:11 PM","8/28/2026 2:33:11 PM",
"982","18.50296","8/28/2026 2:33:11 PM","8/28/2026 2:33:11 PM",
"983","18.50311","8/28/2026 2:33:11 PM","8/28/2026 2:33:11 PM",
"984","18.50311","8/28/2026 2:33:11 PM","8/28/2026 2:33:11 PM",
"985","18.50312","8/28/2026 2:33:11 PM","8/28/2026 2:33:11 PM",
"986","18.50312","8/28/2026 2:33:11 PM","8/28/2026 2:33:11 PM",
"987","18.50314","8/28/2026 2:33:11 PM","8/28/2026 2:33:11 PM",
"988","18.50314","8/28/2026 2:33:11 PM","8/28/2026 2:33:11 PM",
"989","18.50234","8/28/2026 2:33:11 PM","8/28/2026 2:33:11 PM",
"990","18.50234","8/28/2026 2:33:11 PM","8/28/2026 2:33:11 PM",
"991","18.50287","8/28/2026 2:33:11 PM","8/28/2026 2:33:11 PM",
"992","18.50287","8/28/2026 2:33:11 PM","8/28/2026 2:33:11 PM",
"993","18.50313","8/28/2026 2:33:11 PM","8/28/2026 2:33:11 PM",
"994","18.50313","8/28/2026 2:33:11 PM","8/28/2026 2:33:11 PM",
"995","18.50313","8/28/2026 2:33:11 PM","8/28/2026 2:33:11 PM",
"996","18.50355","8/28/2026 2:33:11 PM","8/28/2026 2:33:11 PM",
"997","18.50355","8/28/2026 2:33:11 PM","8/28/2026 2:33:11 PM",
"998","18.5026","8/28/2026 2:33:11 PM","8/28/2026 2:33:11 PM",
"999","18.5026","8/28/2026 2:33:11 PM","8/28/2026 2:33:11 PM",
"1000","18.50271","8/28/2026 2:33:11 PM","8/28/2026 2:33:11 PM",
"1001","18.50271","8/28/2026 2:33:11 PM","8/28/2026 2:33:11 PM",
"1002","18.50316","8/28/2026 2:33:11 PM","8/28/2026 2:33:11 PM",
"1003","18.50316","8/28/2026 2:33:11 PM","8/28/2026 2:33:11 PM",
"1004","18.503","8/28/2026 2:33:11 PM","8/28/2026 2:33:11 PM",
"1005","18.503","8/28/2026 2:33:11 PM","8/28/2026 2:33:11 PM",
"1006","18.50263","8/28/2026 2:33:11 PM","8/28/2026 2:33:11 PM",
"1007","18.50263","8/28/2026 2:33:11 PM","8/28/2026 2:33:11 PM",
"1008","18.50304","8/28/2026 2:33:11 PM","8/28/2026 2:33:11 PM",
"1009","18.50304","8/28/2026 2:33:12 PM","8/28/2026 2:33:12 PM",
"1010","18.50405","8/28/2026 2:33:12 PM","8/28/2026 2:33:12 PM",
"1011","18.50405","8/28/2026 2:33:12 PM","8/28/2026 2:33:12 PM",
"1012","18.50395","8/28/2026 2:33:12 PM","8/28/2026 2:33:12 PM",
"1013","18.50395","8/28/2026 2:33:12 PM","8/28/2026 2:33:12 PM",
"1014","18.50399","8/28/2026 2:33:12 PM","8/28/2026 2:33:12 PM",
"1015","18.50399","8/28/2026 2:33:12 PM","8/28/2026 2:33:12 PM",
"1016","18.50344","8/28/2026 2:33:12 PM","8/28/2026 2:33:12 PM",
"1017","18.50344","8/28/2026 2:33:12 PM","8/28/2026 2:33:12 PM",
"1018","18.50277","8/28/2026 2:33:12 PM","8/28/2026 2:33:12 PM",
"1019","18.50277","8/28/2026 2:33:12 PM","8/28/2026 2:33:12 PM",
"1020","18.50397","8/28/2026 2:33:12 PM","8/28/2026 2:33:12 PM",
"1021","18.50397","8/28/2026 2:33:12 PM","8/28/2026 2:33:12 PM",
"1022","18.50436","8/28/2026 2:33:12 PM","8/28/2026 2:33:12 PM",
"1023","18.50436","8/28/2026 2:33:12 PM","8/28/2026 2:33:12 PM",
"1024","18.50314","8/28/2026 2:33:12 PM","8/28/2026 2:33:12 PM",
"1025","18.50314","8/28/2026 2:33:12 PM","8/28/2026 2:33:12 PM",
"1026","18.50346","8/28/2026 2:33:12 PM","8/28/2026 2:33:12 PM",
"1027","18.50346","8/28/2026 2:33:12 PM","8/28/2026 2:33:12 PM",
"1028","18.50241","8/28/2026 2:33:12 PM","8/28/2026 2:33:12 PM",
"1029","18.50241","8/28/2026 2:33:12 PM","8/28/2026 2:33:12 PM",
"1030","18.50334","8/28/2026 2:33:12 PM","8/28/2026 2:33:12 PM",
"1031","18.50334","8/28/2026 2:33:12 PM","8/28/2026 2:33:12 PM",
"1032","18.50393","8/28/2026 2:33:12 PM","8/28/2026 2:33:12 PM",
"1033","18.50393","8/28/2026 2:33:12 PM","8/28/2026 2:33:12 PM",
"1034","18.50339","8/28/2026 2:33:12 PM","8/28/2026 2:33:12 PM",
"1035","18.50339","8/28/2026 2:33:12 PM","8/28/2026 2:33:12 PM",
"1036","18.50319","8/28/2026 2:33:12 PM","8/28/2026 2:33:12 PM",
"1037","18.50319","8/28/2026 2:33:12 PM","8/28/2026 2:33:12 PM",
"1038","18.5031","8/28/2026 2:33:12 PM","8/28/2026 2:33:12 PM",
"1039","18.5031","8/28/2026 2:33:12 PM","8/28/2026 2:33:12 PM",
"1040","18.50323","8/28/2026 2:33:12 PM","8/28/2026 2:33:12 PM",
"1041","18.50323","8/28/2026 2:33:12 PM","8/28/2026 2:33:12 PM",
"1042","18.50348","8/28/2026 2:33:12 PM","8/28/2026 2:33:12 PM",
"1043","18.50348","8/28/2026 2:33:12 PM","8/28/2026 2:33:12 PM",
"1044","18.50308","8/28/2026 2:33:12 PM","8/28/2026 2:33:12 PM",
"1045","18.50308","8/28/2026 2:33:12 PM","8/28/2026 2:33:12 PM",
"1046","18.5036","8/28/2026 2:33:12 PM","8/28/2026 2:33:12 PM",
"1047","18.5036","8/28/2026 2:33:12 PM","8/28/2026 2:33:12 PM",
"1048","18.50407","8/28/2026 2:33:12 PM","8/28/2026 2:33:12 PM",
"1049","18.50407","8/28/2026 2:33:12 PM","8/28/2026 2:33:12 PM",
"1050","18.50436","8/28/2026 2:33:12 PM","8/28/2026 2:33:12 PM",
"1051","18.50436","8/28/2026 2:33:12 PM","8/28/2026 2:33:12 PM",
"1052","18.50386","8/28/2026 2:33:12 PM","8/28/2026 2:33:12 PM",
"1053","18.50386","8/28/2026 2:33:12 PM","8/28/2026 2:33:12 PM",
"1054","18.50423","8/28/2026 2:33:12 PM","8/28/2026 2:33:12 PM",
"1055","18.50423","8/28/2026 2:33:12 PM","8/28/2026 2:33:12 PM",
"1056","18.50457","8/28/2026 2:33:12 PM","8/28/2026 2:33:12 PM",
"1057","18.50457","8/28/2026 2:33:12 PM","8/28/2026 2:33:12 PM",
"1058","18.50458","8/28/2026 2:33:12 PM","8/28/2026 2:33:12 PM",
"1059","18.50458","8/28/2026 2:33:12 PM","8/28/2026 2:33:12 PM",
"1060","18.50401","8/28/2026 2:33:12 PM","8/28/2026 2:33:12 PM",
"1061","18.50401","8/28/2026 2:33:12 PM","8/28/2026 2:33:12 PM",
"1062","18.50509","8/28/2026 2:33:12 PM","8/28/2026 2:33:12 PM",
"1063","18.50509","8/28/2026 2:33:12 PM","8/28/2026 2:33:12 PM",
"1064","18.50467","8/28/2026 2:33:12 PM","8/28/2026 2:33:12 PM",
"1065","18.50467","8/28/2026 2:33:12 PM","8/28/2026 2:33:12 PM",
"1066","18.50404","8/28/2026 2:33:12 PM","8/28/2026 2:33:12 PM",
"1067","18.50404","8/28/2026 2:33:12 PM","8/28/2026 2:33:12 PM",
"1068","18.50449","8/28/2026 2:33:12 PM","8/28/2026 2:33:12 PM",
"1069","18.50449","8/28/2026 2:33:12 PM","8/28/2026 2:33:12 PM",
"1070","18.50447","8/28/2026 2:33:12 PM","8/28/2026 2:33:12 PM",
"1071","18.50447","8/28/2026 2:33:12 PM","8/28/2026 2:33:12 PM",
"1072","18.50413","8/28/2026 2:33:12 PM","8/28/2026 2:33:12 PM",
"1073","18.50413","8/28/2026 2:33:12 PM","8/28/2026 2:33:12 PM",
"1074","18.50572","8/28/2026 2:33:12 PM","8/28/2026 2:33:12 PM",
"1075","18.50572","8/28/2026 2:33:12 PM","8/28/2026 2:33:12 PM",
"1076","18.50438","8/28/2026 2:33:12 PM","8/28/2026 2:33:12 PM",
"1077","18.50438","8/28/2026 2:33:12 PM","8/28/2026 2:33:12 PM",
"1078","18.50461","8/28/2026 2:33:12 PM","8/28/2026 2:33:12 PM",
"1079","18.50461","8/28/2026 2:33:12 PM","8/28/2026 2:33:12 PM",
"1080","18.5044","8/28/2026 2:33:12 PM","8/28/2026 2:33:12 PM",
"1081","18.5044","8/28/2026 2:33:12 PM","8/28/2026 2:33:12 PM",
"1082","18.50521","8/28/2026 2:33:12 PM","8/28/2026 2:33:12 PM",
"1083","18.50521","8/28/2026 2:33:12 PM","8/28/2026 2:33:12 PM",
"1084","18.5058","8/28/2026 2:33:12 PM","8/28/2026 2:33:12 PM",
"1085","18.5058","8/28/2026 2:33:12 PM","8/28/2026 2:33:12 PM",
"1086","18.50409","8/28/2026 2:33:12 PM","8/28/2026 2:33:12 PM",
"1087","18.50409","8/28/2026 2:33:12 PM","8/28/2026 2:33:12 PM",
"1088","18.5032","8/28/2026 2:33:12 PM","8/28/2026 2:33:12 PM",
"1089","18.5032","8/28/2026 2:33:12 PM","8/28/2026 2:33:12 PM",
"1090","18.50408","8/28/2026 2:33:12 PM","8/28/2026 2:33:12 PM",
"1091","18.50408","8/28/2026 2:33:12 PM","8/28/2026 2:33:12 PM",
"1092","18.50469","8/28/2026 2:33:12 PM","8/28/2026 2:33:12 PM",
"1093","18.50469","8/28/2026 2:33:12 PM","8/28/2026 2:33:12 PM",
"1094","18.50526","8/28/2026 2:33:12 PM","8/28/2026 2:33:12 PM",
"1095","18.50526","8/28/2026 2:33:12 PM","8/28/2026 2:33:12 PM",
"1096","18.5045","8/28/2026 2:33:12 PM","8/28/2026 2:33:12 PM",
"1097","18.5045","8/28/2026 2:33:12 PM","8/28/2026 2:33:12 PM",
"1098","18.50519","8/28/2026 2:33:12 PM","8/28/2026 2:33:12 PM",
"1099","18.50519","8/28/2026 2:33:12 PM","8/28/2026 2:33:12 PM",
"1100","18.50458","8/28/2026 2:33:12 PM","8/28/2026 2:33:12 PM",
"1101","18.50458","8/28/2026 2:33:12 PM","8/28/2026 2:33:12 PM",
"1102","18.50471","8/28/2026 2:33:12 PM","8/28/2026 2:33:12 PM",
"1103","18.50471","8/28/2026 2:33:12 PM","8/28/2026 2:33:12 PM",
"1104","18.5051","8/28/2026 2:33:12 PM","8/28/2026 2:33:12 PM",
"1105","18.5051","8/28/2026 2:33:12 PM","8/28/2026 2:33:12 PM",
"1106","18.5044","8/28/2026 2:33:12 PM","8/28/2026 2:33:12 PM",
"1107","18.5044","8/28/2026 2:33:12 PM","8/28/2026 2:33:12 PM",
"1108","18.50371","8/28/2026 2:33:12 PM","8/28/2026 2:33:12 PM",
"1109","18.50371","8/28/2026 2:33:13 PM","8/28/2026 2:33:13 PM",
"1110","18.50543","8/28/2026 2:33:13 PM","8/28/2026 2:33:13 PM",
"1111","18.50543","8/28/2026 2:33:13 PM","8/28/2026 2:33:13 PM",
"1112","18.50634","8/28/2026 2:33:13 PM","8/28/2026 2:33:13 PM",
"1113","18.50634","8/28/2026 2:33:13 PM","8/28/2026 2:33:13 PM",
"1114","18.50518","8/28/2026 2:33:13 PM","8/28/2026 2:33:13 PM",
"1115","18.50518","8/28/2026 2:33:13 PM","8/28/2026 2:33:13 PM",
"1116","18.50475","8/28/2026 2:33:13 PM","8/28/2026 2:33:13 PM",
"1117","18.50475","8/28/2026 2:33:13 PM","8/28/2026 2:33:13 PM",
"1118","18.50482","8/28/2026 2:33:13 PM","8/28/2026 2:33:13 PM",
"1119","18.50482","8/28/2026 2:33:13 PM","8/28/2026 2:33:13 PM",
"1120","18.50534","8/28/2026 2:33:13 PM","8/28/2026 2:33:13 PM",
"1121","18.50534","8/28/2026 2:33:13 PM","8/28/2026 2:33:13 PM",
"1122","18.5052","8/28/2026 2:33:13 PM","8/28/2026 2:33:13 PM",
"1123","18.5052","8/28/2026 2:33:13 PM","8/28/2026 2:33:13 PM",
"1124","18.50535","8/28/2026 2:33:13 PM","8/28/2026 2:33:13 PM",
"1125","18.50535","8/28/2026 2:33:13 PM","8/28/2026 2:33:13 PM",
"1126","18.50546","8/28/2026 2:33:13 PM","8/28/2026 2:33:13 PM",
"1127","18.50546","8/28/2026 2:33:13 PM","8/28/2026 2:33:13 PM",
"1128","18.5045","8/28/2026 2:33:13 PM","8/28/2026 2:33:13 PM",
"1129","18.5045","8/28/2026 2:33:13 PM","8/28/2026 2:33:13 PM",
"1130","18.50556","8/28/2026 2:33:13 PM","8/28/2026 2:33:13 PM",
"1131","18.50556","8/28/2026 2:33:13 PM","8/28/2026 2:33:13 PM",
"1132","18.50527","8/28/2026 2:33:13 PM","8/28/2026 2:33:13 PM",
"1133","18.50527","8/28/2026 2:33:13 PM","8/28/2026 2:33:13 PM",
"1134","18.50494","8/28/2026 2:33:13 PM","8/28/2026 2:33:13 PM",
"1135","18.50494","8/28/2026 2:33:13 PM","8/28/2026 2:33:13 PM",
"1136","18.50514","8/28/2026 2:33:13 PM","8/28/2026 2:33:13 PM",
"1137","18.50514","8/28/2026 2:33:13 PM","8/28/2026 2:33:13 PM",
"1138","18.50479","8/28/2026 2:33:13 PM","8/28/2026 2:33:13 PM",
"1139","18.50479","8/28/2026 2:33:13 PM","8/28/2026 2:33:13 PM",
"1140","18.50511","8/28/2026 2:33:13 PM","8/28/2026 2:33:13 PM",
"1141","18.50511","8/28/2026 2:33:13 PM","8/28/2026 2:33:13 PM",
"1142","18.50628","8/28/2026 2:33:13 PM","8/28/2026 2:33:13 PM",
"1143","18.50628","8/28/2026 2:33:13 PM","8/28/2026 2:33:13 PM",
"1144","18.50537","8/28/2026 2:33:13 PM","8/28/2026 2:33:13 PM",
"1145","18.50537","8/28/2026 2:33:13 PM","8/28/2026 2:33:13 PM",
"1146","18.50556","8/28/2026 2:33:13 PM","8/28/2026 2:33:13 PM",
"1147","18.50556","8/28/2026 2:33:13 PM","8/28/2026 2:33:13 PM",
"1148","18.50616","8/28/2026 2:33:13 PM","8/28/2026 2:33:13 PM",
"1149","18.50616","8/28/2026 2:33:13 PM","8/28/2026 2:33:13 PM",
"1150","18.50649","8/28/2026 2:33:13 PM","8/28/2026 2:33:13 PM",
"1151","18.50649","8/28/2026 2:33:13 PM","8/28/2026 2:33:13 PM",
"1152","18.5059","8/28/2026 2:33:13 PM","8/28/2026 2:33:13 PM",
"1153","18.5059","8/28/2026 2:33:13 PM","8/28/2026 2:33:13 PM",
"1154","18.50541","8/28/2026 2:33:13 PM","8/28/2026 2:33:13 PM",
"1155","18.50541","8/28/2026 2:33:13 PM","8/28/2026 2:33:13 PM",
"1156","18.50665","8/28/2026 2:33:13 PM","8/28/2026 2:33:13 PM",
"1157","18.50665","8/28/2026 2:33:13 PM","8/28/2026 2:33:13 PM",
"1158","18.50649","8/28/2026 2:33:13 PM","8/28/2026 2:33:13 PM",
"1159","18.50649","8/28/2026 2:33:13 PM","8/28/2026 2:33:13 PM",
"1160","18.50661","8/28/2026 2:33:13 PM","8/28/2026 2:33:13 PM",
"1161","18.50661","8/28/2026 2:33:13 PM","8/28/2026 2:33:13 PM",
"1162","18.50627","8/28/2026 2:33:13 PM","8/28/2026 2:33:13 PM",
"1163","18.50627","8/28/2026 2:33:13 PM","8/28/2026 2:33:13 PM",
"1164","18.50732","8/28/2026 2:33:13 PM","8/28/2026 2:33:13 PM",
"1165","18.50732","8/28/2026 2:33:13 PM","8/28/2026 2:33:13 PM",
"1166","18.50638","8/28/2026 2:33:13 PM","8/28/2026 2:33:13 PM",
"1167","18.50638","8/28/2026 2:33:13 PM","8/28/2026 2:33:13 PM",
"1168","18.50599","8/28/2026 2:33:13 PM","8/28/2026 2:33:13 PM",
"1169","18.50599","8/28/2026 2:33:13 PM","8/28/2026 2:33:13 PM",
"1170","18.50648","8/28/2026 2:33:13 PM","8/28/2026 2:33:13 PM",
"1171","18.50648","8/28/2026 2:33:13 PM","8/28/2026 2:33:13 PM",
"1172","18.50701","8/28/2026 2:33:13 PM","8/28/2026 2:33:13 PM",
"1173","18.50701","8/28/2026 2:33:13 PM","8/28/2026 2:33:13 PM",
"1174","18.50698","8/28/2026 2:33:13 PM","8/28/2026 2:33:13 PM",
"1175","18.50698","8/28/2026 2:33:13 PM","8/28/2026 2:33:13 PM",
"1176","18.50659","8/28/2026 2:33:13 PM","8/28/2026 2:33:13 PM",
"1177","18.50659","8/28/2026 2:33:13 PM","8/28/2026 2:33:13 PM",
"1178","18.50624","8/28/2026 2:33:13 PM","8/28/2026 2:33:13 PM",
"1179","18.50624","8/28/2026 2:33:13 PM","8/28/2026 2:33:13 PM",
"1180","18.50757","8/28/2026 2:33:13 PM","8/28/2026 2:33:13 PM",
"1181","18.50757","8/28/2026 2:33:13 PM","8/28/2026 2:33:13 PM",
"1182","18.50838","8/28/2026 2:33:13 PM","8/28/2026 2:33:13 PM",
"1183","18.50838","8/28/2026 2:33:13 PM","8/28/2026 2:33:13 PM",
"1184","18.5082","8/28/2026 2:33:13 PM","8/28/2026 2:33:13 PM",
"1185","18.5082","8/28/2026 2:33:13 PM","8/28/2026 2:33:13 PM",
"1186","18.50672","8/28/2026 2:33:13 PM","8/28/2026 2:33:13 PM",
"1187","18.50672","8/28/2026 2:33:13 PM","8/28/2026 2:33:13 PM",
"1188","18.50799","8/28/2026 2:33:13 PM","8/28/2026 2:33:13 PM",
"1189","18.50799","8/28/2026 2:33:13 PM","8/28/2026 2:33:13 PM",
"1190","18.50725","8/28/2026 2:33:13 PM","8/28/2026 2:33:13 PM",
"1191","18.50725","8/28/2026 2:33:13 PM","8/28/2026 2:33:13 PM",
"1192","18.50723","8/28/2026 2:33:13 PM","8/28/2026 2:33:13 PM",
"1193","18.50723","8/28/2026 2:33:13 PM","8/28/2026 2:33:13 PM",
"1194","18.50704","8/28/2026 2:33:13 PM","8/28/2026 2:33:13 PM",
"1195","18.50704","8/28/2026 2:33:13 PM","8/28/2026 2:33:13 PM",
"1196","18.50729","8/28/2026 2:33:13 PM","8/28/2026 2:33:13 PM",
"1197","18.50729","8/28/2026 2:33:13 PM","8/28/2026 2:33:13 PM",
"1198","18.50708","8/28/2026 2:33:13 PM","8/28/2026 2:33:13 PM",
"1199","18.50708","8/28/2026 2:33:13 PM","8/28/2026 2:33:13 PM",
"1200","18.50708","8/28/2026 2:33:13 PM","8/28/2026 2:33:13 PM",
"1201","18.50781","8/28/2026 2:33:13 PM","8/28/2026 2:33:13 PM",
"1202","18.50781","8/28/2026 2:33:13 PM","8/28/2026 2:33:13 PM",
"1203","18.50762","8/28/2026 2:33:13 PM","8/28/2026 2:33:13 PM",
"1204","18.50762","8/28/2026 2:33:13 PM","8/28/2026 2:33:13 PM",
"1205","18.50725","8/28/2026 2:33:13 PM","8/28/2026 2:33:13 PM",
"1206","18.50725","8/28/2026 2:33:13 PM","8/28/2026 2:33:13 PM",
"1207","18.50722","8/28/2026 2:33:13 PM","8/28/2026 2:33:13 PM",
"1208","18.50722","8/28/2026 2:33:13 PM","8/28/2026 2:33:13 PM",
"1209","18.50606","8/28/2026 2:33:14 PM","8/28/2026 2:33:14 PM",
"1210","18.50606","8/28/2026 2:33:14 PM","8/28/2026 2:33:14 PM",
"1211","18.5073","8/28/2026 2:33:14 PM","8/28/2026 2:33:14 PM",
"1212","18.5073","8/28/2026 2:33:14 PM","8/28/2026 2:33:14 PM",
"1213","18.50844","8/28/2026 2:33:14 PM","8/28/2026 2:33:14 PM",
"1214","18.50844","8/28/2026 2:33:14 PM","8/28/2026 2:33:14 PM",
"1215","18.50795","8/28/2026 2:33:14 PM","8/28/2026 2:33:14 PM",
"1216","18.50795","8/28/2026 2:33:14 PM","8/28/2026 2:33:14 PM",
"1217","18.50836","8/28/2026 2:33:14 PM","8/28/2026 2:33:14 PM",
"1218","18.50836","8/28/2026 2:33:14 PM","8/28/2026 2:33:14 PM",
"1219","18.50869","8/28/2026 2:33:14 PM","8/28/2026 2:33:14 PM",
"1220","18.50869","8/28/2026 2:33:14 PM","8/28/2026 2:33:14 PM",
"1221","18.50713","8/28/2026 2:33:14 PM","8/28/2026 2:33:14 PM",
"1222","18.50713","8/28/2026 2:33:14 PM","8/28/2026 2:33:14 PM",
"1223","18.50983","8/28/2026 2:33:14 PM","8/28/2026 2:33:14 PM",
"1224","18.50983","8/28/2026 2:33:14 PM","8/28/2026 2:33:14 PM",
"1225","18.50739","8/28/2026 2:33:14 PM","8/28/2026 2:33:14 PM",
"1226","18.50739","8/28/2026 2:33:14 PM","8/28/2026 2:33:14 PM",
"1227","18.5075","8/28/2026 2:33:14 PM","8/28/2026 2:33:14 PM",
"1228","18.5075","8/28/2026 2:33:14 PM","8/28/2026 2:33:14 PM",
"1229","18.50838","8/28/2026 2:33:14 PM","8/28/2026 2:33:14 PM",
"1230","18.50838","8/28/2026 2:33:14 PM","8/28/2026 2:33:14 PM",
"1231","18.50847","8/28/2026 2:33:14 PM","8/28/2026 2:33:14 PM",
"1232","18.50847","8/28/2026 2:33:14 PM","8/28/2026 2:33:14 PM",
"1233","18.50902","8/28/2026 2:33:14 PM","8/28/2026 2:33:14 PM",
"1234","18.50902","8/28/2026 2:33:14 PM","8/28/2026 2:33:14 PM",
"1235","18.50797","8/28/2026 2:33:14 PM","8/28/2026 2:33:14 PM",
"1236","18.50797","8/28/2026 2:33:14 PM","8/28/2026 2:33:14 PM",
"1237","18.50812","8/28/2026 2:33:14 PM","8/28/2026 2:33:14 PM",
"1238","18.50812","8/28/2026 2:33:14 PM","8/28/2026 2:33:14 PM",
"1239","18.50771","8/28/2026 2:33:14 PM","8/28/2026 2:33:14 PM",
"1240","18.50771","8/28/2026 2:33:14 PM","8/28/2026 2:33:14 PM",
"1241","18.50916","8/28/2026 2:33:14 PM","8/28/2026 2:33:14 PM",
"1242","18.50916","8/28/2026 2:33:14 PM","8/28/2026 2:33:14 PM",
"1243","18.50798","8/28/2026 2:33:14 PM","8/28/2026 2:33:14 PM",
"1244","18.50798","8/28/2026 2:33:14 PM","8/28/2026 2:33:14 PM",
"1245","18.50877","8/28/2026 2:33:14 PM","8/28/2026 2:33:14 PM",
"1246","18.50877","8/28/2026 2:33:14 PM","8/28/2026 2:33:14 PM",
"1247","18.50746","8/28/2026 2:33:14 PM","8/28/2026 2:33:14 PM",
"1248","18.50746","8/28/2026 2:33:14 PM","8/28/2026 2:33:14 PM",
"1249","18.50866","8/28/2026 2:33:14 PM","8/28/2026 2:33:14 PM",
"1250","18.50866","8/28/2026 2:33:14 PM","8/28/2026 2:33:14 PM",
"1251","18.50922","8/28/2026 2:33:14 PM","8/28/2026 2:33:14 PM",
"1252","18.50922","8/28/2026 2:33:14 PM","8/28/2026 2:33:14 PM",
"1253","18.50829","8/28/2026 2:33:14 PM","8/28/2026 2:33:14 PM",
"1254","18.50829","8/28/2026 2:33:14 PM","8/28/2026 2:33:14 PM",
"1255","18.50914","8/28/2026 2:33:14 PM","8/28/2026 2:33:14 PM",
"1256","18.50914","8/28/2026 2:33:14 PM","8/28/2026 2:33:14 PM",
"1257","18.50823","8/28/2026 2:33:14 PM","8/28/2026 2:33:14 PM",
"1258","18.50823","8/28/2026 2:33:14 PM","8/28/2026 2:33:14 PM",
"1259","18.50921","8/28/2026 2:33:14 PM","8/28/2026 2:33:14 PM",
"1260","18.50921","8/28/2026 2:33:14 PM","8/28/2026 2:33:14 PM",
"1261","18.50933","8/28/2026 2:33:14 PM","8/28/2026 2:33:14 PM",
"1262","18.50933","8/28/2026 2:33:14 PM","8/28/2026 2:33:14 PM",
"1263","18.50955","8/28/2026 2:33:14 PM","8/28/2026 2:33:14 PM",
"1264","18.50955","8/28/2026 2:33:14 PM","8/28/2026 2:33:14 PM",
"1265","18.50973","8/28/2026 2:33:14 PM","8/28/2026 2:33:14 PM",
"1266","18.50973","8/28/2026 2:33:14 PM","8/28/2026 2:33:14 PM",
"1267","18.50954","8/28/2026 2:33:14 PM","8/28/2026 2:33:14 PM",
"1268","18.50954","8/28/2026 2:33:14 PM","8/28/2026 2:33:14 PM",
"1269","18.50853","8/28/2026 2:33:14 PM","8/28/2026 2:33:14 PM",
"1270","18.50853","8/28/2026 2:33:14 PM","8/28/2026 2:33:14 PM",
"1271","18.5091","8/28/2026 2:33:14 PM","8/28/2026 2:33:14 PM",
"1272","18.5091","8/28/2026 2:33:14 PM","8/28/2026 2:33:14 PM",
"1273","18.50903","8/28/2026 2:33:14 PM","8/28/2026 2:33:14 PM",
"1274","18.50903","8/28/2026 2:33:14 PM","8/28/2026 2:33:14 PM",
"1275","18.50975","8/28/2026 2:33:14 PM","8/28/2026 2:33:14 PM",
"1276","18.50975","8/28/2026 2:33:14 PM","8/28/2026 2:33:14 PM",
"1277","18.50921","8/28/2026 2:33:14 PM","8/28/2026 2:33:14 PM",
"1278","18.50921","8/28/2026 2:33:14 PM","8/28/2026 2:33:14 PM",
"1279","18.50795","8/28/2026 2:33:14 PM","8/28/2026 2:33:14 PM",
"1280","18.50795","8/28/2026 2:33:14 PM","8/28/2026 2:33:14 PM",
"1281","18.50864","8/28/2026 2:33:14 PM","8/28/2026 2:33:14 PM",
"1282","18.50864","8/28/2026 2:33:14 PM","8/28/2026 2:33:14 PM",
"1283","18.50877","8/28/2026 2:33:14 PM","8/28/2026 2:33:14 PM",
"1284","18.50877","8/28/2026 2:33:14 PM","8/28/2026 2:33:14 PM",
"1285","18.50969","8/28/2026 2:33:14 PM","8/28/2026 2:33:14 PM",
"1286","18.50969","8/28/2026 2:33:14 PM","8/28/2026 2:33:14 PM",
"1287","18.50949","8/28/2026 2:33:14 PM","8/28/2026 2:33:14 PM",
"1288","18.50949","8/28/2026 2:33:14 PM","8/28/2026 2:33:14 PM",
"1289","18.50989","8/28/2026 2:33:14 PM","8/28/2026 2:33:14 PM",
"1290","18.50989","8/28/2026 2:33:14 PM","8/28/2026 2:33:14 PM",
"1291","18.50937","8/28/2026 2:33:14 PM","8/28/2026 2:33:14 PM",
"1292","18.50937","8/28/2026 2:33:14 PM","8/28/2026 2:33:14 PM",
"1293","18.50914","8/28/2026 2:33:14 PM","8/28/2026 2:33:14 PM",
"1294","18.50914","8/28/2026 2:33:14 PM","8/28/2026 2:33:14 PM",
"1295","18.50983","8/28/2026 2:33:14 PM","8/28/2026 2:33:14 PM",
"1296","18.50983","8/28/2026 2:33:14 PM","8/28/2026 2:33:14 PM",
"1297","18.50916","8/28/2026 2:33:14 PM","8/28/2026 2:33:14 PM",
"1298","18.50916","8/28/2026 2:33:14 PM","8/28/2026 2:33:14 PM",
"1299","18.50987","8/28/2026 2:33:14 PM","8/28/2026 2:33:14 PM",
"1300","18.50987","8/28/2026 2:33:14 PM","8/28/2026 2:33:14 PM",
"1301","18.50963","8/28/2026 2:33:14 PM","8/28/2026 2:33:14 PM",
"1302","18.50963","8/28/2026 2:33:14 PM","8/28/2026 2:33:14 PM",
"1303","18.50987","8/28/2026 2:33:14 PM","8/28/2026 2:33:14 PM",
"1304","18.50987","8/28/2026 2:33:14 PM","8/28/2026 2:33:14 PM",
"1305","18.51039","8/28/2026 2:33:14 PM","8/28/2026 2:33:14 PM",
"1306","18.51039","8/28/2026 2:33:14 PM","8/28/2026 2:33:14 PM",
"1307","18.50987","8/28/2026 2:33:14 PM","8/28/2026 2:33:14 PM",
"1308","18.50987","8/28/2026 2:33:15 PM","8/28/2026 2:33:15 PM",
"1309","18.50882","8/28/2026 2:33:15 PM","8/28/2026 2:33:15 PM",
"1310","18.50882","8/28/2026 2:33:15 PM","8/28/2026 2:33:15 PM",
"1311","18.50895","8/28/2026 2:33:15 PM","8/28/2026 2:33:15 PM",
"1312","18.50895","8/28/2026 2:33:15 PM","8/28/2026 2:33:15 PM",
"1313","18.51013","8/28/2026 2:33:15 PM","8/28/2026 2:33:15 PM",
"1314","18.51013","8/28/2026 2:33:15 PM","8/28/2026 2:33:15 PM",
"1315","18.51064","8/28/2026 2:33:15 PM","8/28/2026 2:33:15 PM",
"1316","18.51064","8/28/2026 2:33:15 PM","8/28/2026 2:33:15 PM",
"1317","18.51079","8/28/2026 2:33:15 PM","8/28/2026 2:33:15 PM",
"1318","18.51079","8/28/2026 2:33:15 PM","8/28/2026 2:33:15 PM",
"1319","18.51095","8/28/2026 2:33:15 PM","8/28/2026 2:33:15 PM",
"1320","18.51095","8/28/2026 2:33:15 PM","8/28/2026 2:33:15 PM",
"1321","18.5103","8/28/2026 2:33:15 PM","8/28/2026 2:33:15 PM",
"1322","18.5103","8/28/2026 2:33:15 PM","8/28/2026 2:33:15 PM",
"1323","18.50982","8/28/2026 2:33:15 PM","8/28/2026 2:33:15 PM",
"1324","18.50982","8/28/2026 2:33:15 PM","8/28/2026 2:33:15 PM",
"1325","18.50955","8/28/2026 2:33:15 PM","8/28/2026 2:33:15 PM",
"1326","18.50955","8/28/2026 2:33:15 PM","8/28/2026 2:33:15 PM",
"1327","18.50963","8/28/2026 2:33:15 PM","8/28/2026 2:33:15 PM",
"1328","18.50963","8/28/2026 2:33:15 PM","8/28/2026 2:33:15 PM",
"1329","18.50982","8/28/2026 2:33:15 PM","8/28/2026 2:33:15 PM",
"1330","18.50982","8/28/2026 2:33:15 PM","8/28/2026 2:33:15 PM",
"1331","18.51017","8/28/2026 2:33:15 PM","8/28/2026 2:33:15 PM",
"1332","18.51017","8/28/2026 2:33:15 PM","8/28/2026 2:33:15 PM",
"1333","18.51053","8/28/2026 2:33:15 PM","8/28/2026 2:33:15 PM",
"1334","18.51053","8/28/2026 2:33:15 PM","8/28/2026 2:33:15 PM",
"1335","18.51003","8/28/2026 2:33:15 PM","8/28/2026 2:33:15 PM",
"1336","18.51003","8/28/2026 2:33:15 PM","8/28/2026 2:33:15 PM",
"1337","18.51055","8/28/2026 2:33:15 PM","8/28/2026 2:33:15 PM",
"1338","18.51055","8/28/2026 2:33:15 PM","8/28/2026 2:33:15 PM",
"1339","18.5098","8/28/2026 2:33:15 PM","8/28/2026 2:33:15 PM",
"1340","18.5098","8/28/2026 2:33:15 PM","8/28/2026 2:33:15 PM",
"1341","18.51008","8/28/2026 2:33:15 PM","8/28/2026 2:33:15 PM",
"1342","18.51008","8/28/2026 2:33:15 PM","8/28/2026 2:33:15 PM",
"1343","18.51063","8/28/2026 2:33:15 PM","8/28/2026 2:33:15 PM",
"1344","18.51063","8/28/2026 2:33:15 PM","8/28/2026 2:33:15 PM",
"1345","18.51024","8/28/2026 2:33:15 PM","8/28/2026 2:33:15 PM",
"1346","18.51024","8/28/2026 2:33:15 PM","8/28/2026 2:33:15 PM",
"1347","18.51193","8/28/2026 2:33:15 PM","8/28/2026 2:33:15 PM",
"1348","18.51193","8/28/2026 2:33:15 PM","8/28/2026 2:33:15 PM",
"1349","18.51159","8/28/2026 2:33:15 PM","8/28/2026 2:33:15 PM",
"1350","18.51159","8/28/2026 2:33:15 PM","8/28/2026 2:33:15 PM",
"1351","18.51155","8/28/2026 2:33:15 PM","8/28/2026 2:33:15 PM",
"1352","18.51155","8/28/2026 2:33:15 PM","8/28/2026 2:33:15 PM",
"1353","18.51104","8/28/2026 2:33:15 PM","8/28/2026 2:33:15 PM",
"1354","18.51104","8/28/2026 2:33:15 PM","8/28/2026 2:33:15 PM",
"1355","18.51111","8/28/2026 2:33:15 PM","8/28/2026 2:33:15 PM",
"1356","18.51111","8/28/2026 2:33:15 PM","8/28/2026 2:33:15 PM",
"1357","18.51111","8/28/2026 2:33:15 PM","8/28/2026 2:33:15 PM",
"1358","18.51111","8/28/2026 2:33:15 PM","8/28/2026 2:33:15 PM",
"1359","18.51135","8/28/2026 2:33:15 PM","8/28/2026 2:33:15 PM",
"1360","18.51135","8/28/2026 2:33:15 PM","8/28/2026 2:33:15 PM",
"1361","18.51238","8/28/2026 2:33:15 PM","8/28/2026 2:33:15 PM",
"1362","18.51238","8/28/2026 2:33:15 PM","8/28/2026 2:33:15 PM",
"1363","18.51199","8/28/2026 2:33:15 PM","8/28/2026 2:33:15 PM",
"1364","18.51199","8/28/2026 2:33:15 PM","8/28/2026 2:33:15 PM",
"1365","18.5116","8/28/2026 2:33:15 PM","8/28/2026 2:33:15 PM",
"1366","18.5116","8/28/2026 2:33:15 PM","8/28/2026 2:33:15 PM",
"1367","18.51223","8/28/2026 2:33:15 PM","8/28/2026 2:33:15 PM",
"1368","18.51223","8/28/2026 2:33:15 PM","8/28/2026 2:33:15 PM",
"1369","18.51175","8/28/2026 2:33:15 PM","8/28/2026 2:33:15 PM",
"1370","18.51175","8/28/2026 2:33:15 PM","8/28/2026 2:33:15 PM",
"1371","18.51275","8/28/2026 2:33:15 PM","8/28/2026 2:33:15 PM",
"1372","18.51275","8/28/2026 2:33:15 PM","8/28/2026 2:33:15 PM",
"1373","18.51158","8/28/2026 2:33:15 PM","8/28/2026 2:33:15 PM",
"1374","18.51158","8/28/2026 2:33:15 PM","8/28/2026 2:33:15 PM",
"1375","18.51277","8/28/2026 2:33:15 PM","8/28/2026 2:33:15 PM",
"1376","18.51277","8/28/2026 2:33:15 PM","8/28/2026 2:33:15 PM",
"1377","18.51203","8/28/2026 2:33:15 PM","8/28/2026 2:33:15 PM",
"1378","18.51203","8/28/2026 2:33:15 PM","8/28/2026 2:33:15 PM",
"1379","18.51257","8/28/2026 2:33:15 PM","8/28/2026 2:33:15 PM",
"1380","18.51257","8/28/2026 2:33:15 PM","8/28/2026 2:33:15 PM",
"1381","18.51146","8/28/2026 2:33:15 PM","8/28/2026 2:33:15 PM",
"1382","18.51146","8/28/2026 2:33:15 PM","8/28/2026 2:33:15 PM",
"1383","18.51223","8/28/2026 2:33:15 PM","8/28/2026 2:33:15 PM",
"1384","18.51223","8/28/2026 2:33:15 PM","8/28/2026 2:33:15 PM",
"1385","18.51239","8/28/2026 2:33:15 PM","8/28/2026 2:33:15 PM",
"1386","18.51239","8/28/2026 2:33:15 PM","8/28/2026 2:33:15 PM",
"1387","18.51237","8/28/2026 2:33:15 PM","8/28/2026 2:33:15 PM",
"1388","18.51237","8/28/2026 2:33:15 PM","8/28/2026 2:33:15 PM",
"1389","18.51181","8/28/2026 2:33:15 PM","8/28/2026 2:33:15 PM",
"1390","18.51181","8/28/2026 2:33:15 PM","8/28/2026 2:33:15 PM",
"1391","18.51237","8/28/2026 2:33:15 PM","8/28/2026 2:33:15 PM",
"1392","18.51237","8/28/2026 2:33:15 PM","8/28/2026 2:33:15 PM",
"1393","18.51334","8/28/2026 2:33:15 PM","8/28/2026 2:33:15 PM",
"1394","18.51334","8/28/2026 2:33:15 PM","8/28/2026 2:33:15 PM",
"1395","18.5144","8/28/2026 2:33:15 PM","8/28/2026 2:33:15 PM",
"1396","18.5144","8/28/2026 2:33:15 PM","8/28/2026 2:33:15 PM",
"1397","18.51315","8/28/2026 2:33:15 PM","8/28/2026 2:33:15 PM",
"1398","18.51315","8/28/2026 2:33:15 PM","8/28/2026 2:33:15 PM",
"1399","18.51363","8/28/2026 2:33:15 PM","8/28/2026 2:33:15 PM",
"1400","18.51363","8/28/2026 2:33:15 PM","8/28/2026 2:33:15 PM",
"1401","18.51363","8/28/2026 2:33:15 PM","8/28/2026 2:33:15 PM",
"1402","18.51295","8/28/2026 2:33:15 PM","8/28/2026 2:33:15 PM",
"1403","18.51295","8/28/2026 2:33:15 PM","8/28/2026 2:33:15 PM",
"1404","18.51402","8/28/2026 2:33:15 PM","8/28/2026 2:33:15 PM",
"1405","18.51402","8/28/2026 2:33:15 PM","8/28/2026 2:33:15 PM",
"1406","18.51343","8/28/2026 2:33:15 PM","8/28/2026 2:33:15 PM",
"1407","18.51343","8/28/2026 2:33:15 PM","8/28/2026 2:33:15 PM",
"1408","18.51345","8/28/2026 2:33:15 PM","8/28/2026 2:33:15 PM",
"1409","18.51345","8/28/2026 2:33:16 PM","8/28/2026 2:33:16 PM",
"1410","18.51287","8/28/2026 2:33:16 PM","8/28/2026 2:33:16 PM",
"1411","18.51287","8/28/2026 2:33:16 PM","8/28/2026 2:33:16 PM",
"1412","18.5125","8/28/2026 2:33:16 PM","8/28/2026 2:33:16 PM",
"1413","18.5125","8/28/2026 2:33:16 PM","8/28/2026 2:33:16 PM",
"1414","18.51301","8/28/2026 2:33:16 PM","8/28/2026 2:33:16 PM",
"1415","18.51301","8/28/2026 2:33:16 PM","8/28/2026 2:33:16 PM",
"1416","18.5132","8/28/2026 2:33:16 PM","8/28/2026 2:33:16 PM",
"1417","18.5132","8/28/2026 2:33:16 PM","8/28/2026 2:33:16 PM",
"1418","18.51402","8/28/2026 2:33:16 PM","8/28/2026 2:33:16 PM",
"1419","18.51402","8/28/2026 2:33:16 PM","8/28/2026 2:33:16 PM",
"1420","18.51353","8/28/2026 2:33:16 PM","8/28/2026 2:33:16 PM",
"1421","18.51353","8/28/2026 2:33:16 PM","8/28/2026 2:33:16 PM",
"1422","18.51408","8/28/2026 2:33:16 PM","8/28/2026 2:33:16 PM",
"1423","18.51408","8/28/2026 2:33:16 PM","8/28/2026 2:33:16 PM",
"1424","18.51356","8/28/2026 2:33:16 PM","8/28/2026 2:33:16 PM",
"1425","18.51356","8/28/2026 2:33:16 PM","8/28/2026 2:33:16 PM",
"1426","18.51415","8/28/2026 2:33:16 PM","8/28/2026 2:33:16 PM",
"1427","18.51415","8/28/2026 2:33:16 PM","8/28/2026 2:33:16 PM",
"1428","18.51429","8/28/2026 2:33:16 PM","8/28/2026 2:33:16 PM",
"1429","18.51429","8/28/2026 2:33:16 PM","8/28/2026 2:33:16 PM",
"1430","18.51453","8/28/2026 2:33:16 PM","8/28/2026 2:33:16 PM",
"1431","18.51453","8/28/2026 2:33:16 PM","8/28/2026 2:33:16 PM",
"1432","18.51425","8/28/2026 2:33:16 PM","8/28/2026 2:33:16 PM",
"1433","18.51425","8/28/2026 2:33:16 PM","8/28/2026 2:33:16 PM",
"1434","18.51421","8/28/2026 2:33:16 PM","8/28/2026 2:33:16 PM",
"1435","18.51421","8/28/2026 2:33:16 PM","8/28/2026 2:33:16 PM",
"1436","18.51403","8/28/2026 2:33:16 PM","8/28/2026 2:33:16 PM",
"1437","18.51403","8/28/2026 2:33:16 PM","8/28/2026 2:33:16 PM",
"1438","18.5149","8/28/2026 2:33:16 PM","8/28/2026 2:33:16 PM",
"1439","18.5149","8/28/2026 2:33:16 PM","8/28/2026 2:33:16 PM",
"1440","18.5136","8/28/2026 2:33:16 PM","8/28/2026 2:33:16 PM",
"1441","18.5136","8/28/2026 2:33:16 PM","8/28/2026 2:33:16 PM",
"1442","18.5141","8/28/2026 2:33:16 PM","8/28/2026 2:33:16 PM",
"1443","18.5141","8/28/2026 2:33:16 PM","8/28/2026 2:33:16 PM",
"1444","18.51491","8/28/2026 2:33:16 PM","8/28/2026 2:33:16 PM",
"1445","18.51491","8/28/2026 2:33:16 PM","8/28/2026 2:33:16 PM",
"1446","18.51508","8/28/2026 2:33:16 PM","8/28/2026 2:33:16 PM",
"1447","18.51508","8/28/2026 2:33:16 PM","8/28/2026 2:33:16 PM",
"1448","18.51499","8/28/2026 2:33:16 PM","8/28/2026 2:33:16 PM",
"1449","18.51499","8/28/2026 2:33:16 PM","8/28/2026 2:33:16 PM",
"1450","18.51461","8/28/2026 2:33:16 PM","8/28/2026 2:33:16 PM",
"1451","18.51461","8/28/2026 2:33:16 PM","8/28/2026 2:33:16 PM",
"1452","18.51391","8/28/2026 2:33:16 PM","8/28/2026 2:33:16 PM",
"1453","18.51391","8/28/2026 2:33:16 PM","8/28/2026 2:33:16 PM",
"1454","18.51491","8/28/2026 2:33:16 PM","8/28/2026 2:33:16 PM",
"1455","18.51491","8/28/2026 2:33:16 PM","8/28/2026 2:33:16 PM",
"1456","18.51296","8/28/2026 2:33:16 PM","8/28/2026 2:33:16 PM",
"1457","18.51296","8/28/2026 2:33:16 PM","8/28/2026 2:33:16 PM",

